,Unnamed: 0,id,x,y,Aperture Sum,Median Flux Background Subtracted,Aperture Area (pixels),Sum with bkg subtraction,EXP-TIME,OBS-TIME,JulianDate,mag,phase,residualFactor,correctedflux,Unnamed: 0.2,Unnamed: 0.1,Unnamed: 0.1.1,phaseII,year,colour,error,CalibratedMag
0,23,23,1147.7070619524973,899.7823316355015,3848.102127705629,0.1538466215133667,1385.442360233099,2458.4178596875645,32.0,2022-03-20 21:32:52.956,2459659.3978351387,-8.389634584565309,0.0,-0.07700758613932535,2269.1010345912186,,,,0.0,2022,black,0.021896867311697165,11.223217925613929
1,18,18,1153.0094194543276,891.6509314808947,5505.553481235716,0.2070467472076416,1385.442360233099,3767.875875130948,32.0,2022-03-22 21:04:52.944,2459661.3783905557,-9.076069063778544,0.23142207115985514,0.13326385695360982,4269.997546773356,,,,0.23139544978261117,2022,black,0.017687300082494608,10.536783446400694
2,18,18,1150.6059253514256,885.8663807143573,3847.462567952232,0.1391540765762329,1385.4423602330987,2002.677946380272,32.0,2022-03-24 20:47:52.004,2459663.3665741202,-8.52286236791225,0.47914154625766336,0.28095487779551653,2565.3400840693175,,,,0.4790882009704269,2022,black,0.02426075321599792,11.089990142266988
3,22,22,1147.9618474204417,899.7771645815034,3887.543231450151,0.134110689163208,1385.4423602330987,2432.8144505572827,32.0,2022-03-20 21:35:15.007,2459659.3994792476,-8.432887957257257,0.0035126099829745003,-0.02938679364871334,2361.321834313148,,,,0.0035125878838990843,2022,black,0.022011789168400735,11.17996455292198
4,18,18,1152.9462362808497,891.7908632017214,5416.897593661353,0.1830848455429077,1385.4423602330987,3705.429012175181,32.0,2022-03-22 21:08:02.653,2459661.3805862614,-9.03954034948894,0.23611315796830734,0.11423717045393211,4128.726737843982,,,,0.236086507077772,2022,black,0.01783571766868694,10.573312160690298
5,18,18,1150.4755487238322,885.7338258210997,3809.901709239425,0.0810801982879638,1385.4423602330987,1973.4078340036083,32.0,2022-03-24 20:50:33.908,2459663.3684480092,-8.51071474852016,0.48314507740535184,0.2854910328045286,2536.798074677846,,,,0.4830917069304803,2022,black,0.024440011946928582,11.102137761659078
6,23,23,1147.8161485003914,899.7966530526395,4003.025818392396,0.1078459024429321,1385.442360233099,2480.4787027415086,32.0,2022-03-20 21:37:38.055,2459659.4011348956,-8.412969326251954,0.007049873023228656,-0.0653430752737001,2318.3965961534605,,,,0.007049828669976696,2022,black,0.021799276830289024,11.199883183927284
7,19,19,1152.9260330043812,891.7575399598717,5416.183907790827,0.1626660227775573,1385.4423602330987,3710.292450702592,32.0,2022-03-22 21:10:55.851,2459661.382590868,-9.097426667744854,0.240395965077302,0.1737146473990844,4354.824595523878,,,,0.2403692872421086,2022,black,0.01782402433698183,10.515425842434384
8,18,18,1150.5884423928965,885.8366313323587,3800.377808854081,0.1135762333869934,1385.4423602330987,1984.294605234424,32.0,2022-03-24 20:53:14.782,2459663.370309977,-8.507327398749311,0.48712313870156976,0.2744558873045193,2528.8959417876085,,,,0.48706974319930296,2022,black,0.02437287504777232,11.105525111429927
9,21,21,1147.6915383203318,899.6797117549447,4070.7030369679874,0.1374062299728393,1385.442360233099,2508.784992123388,32.0,2022-03-20 21:39:57.753,2459659.402751771,-8.434237729446977,0.010504298607416095,-0.057607874023202006,2364.2592223458437,,,,0.01050423252114741,2022,black,0.021675948790763632,11.17861478073226
10,19,19,1153.0576234256732,891.7849158078227,5355.552103718824,0.1544792652130127,1385.442360233099,3653.7348368732855,32.0,2022-03-22 21:13:52.487,2459661.3846352664,-9.053749060350697,0.2447637864337011,0.1448869315929808,4183.113266242236,,,,0.24473708111899395,2022,black,0.017961447152327604,10.559103449828541
11,18,18,1150.5353095867636,885.7513945167314,3823.408091899103,0.11277437210083,1385.4423602330987,2013.6028589507628,32.0,2022-03-24 20:56:06.568,2459663.3722982407,-8.51585465291388,0.49137102959998025,0.2658086000790017,2548.8358160035405,,,,0.491317607372725,2022,black,0.024194849681097724,11.096997857265357
12,21,21,1147.7678516110186,899.8150340229498,4168.548832025531,0.1609264016151428,1385.4423602330987,2539.0899171900337,32.0,2022-03-20 21:42:18.961,2459659.4043861227,-8.411995929061046,0.013996062928196058,-0.08773651720132086,2316.31901099479,,,,0.013995974873999414,2022,black,0.02154620548564305,11.200856581118192
13,18,18,1152.9542498755766,891.6470264243851,5206.074414442195,0.1927257180213928,1385.442360233099,3626.483928401965,32.0,2022-03-22 21:16:47.657,2459661.386662697,-9.006386558108915,0.2490953564542986,0.10425370763574089,4004.558323619296,,,,0.24906862388814766,2022,black,0.018028805741026332,10.606465952070323
14,18,18,1150.465316688063,885.8364957832,3749.211711330266,0.0917530059814453,1385.442360233099,1942.1446262236543,32.0,2022-03-24 20:58:56.351,2459663.374263322,-8.479478792125883,0.49556939153133683,0.26914121914295763,2464.855798677432,,,,0.49551594289069634,2022,black,0.024635935255740874,11.133373718053354
15,20,20,1147.8237031076396,899.8762977598899,4253.071641993826,0.1343503594398498,1385.4423602330987,2563.8434305896185,32.0,2022-03-20 21:44:34.776,2459659.4059580555,-8.442431817613436,0.017354469928153014,-0.07085985047906875,2382.1698684462954,,,,0.01735436074502662,2022,black,0.021441940562259065,11.170420692565802
16,21,21,1153.0634778556455,891.7319185231477,5155.294252928919,0.1450351476669311,1385.4423602330987,3650.616694068639,32.0,2022-03-22 21:19:36.238,2459661.3886138657,-9.033115393303769,0.25326399443923187,0.12429407473987485,4104.366718287842,,,,0.25323723564670075,2022,black,0.01796911632272529,10.579737116875469
17,18,18,1150.371932005873,885.7823615250254,3767.3386191400286,0.1007987260818481,1385.442360233099,1973.3868641654808,32.0,2022-03-24 21:01:45.206,2459663.376217662,-8.470399213998618,0.4997448046300743,0.23864670758242462,2444.3291420849782,,,,0.49969132972042907,2022,black,0.024440141800264027,11.14245329618062
18,19,19,1147.6468190158696,899.7636052634169,4355.372416331096,0.1486424207687378,1385.442360233099,2609.999787351498,32.0,2022-03-20 21:46:51.813,2459659.407544132,-8.447722204352843,0.020743094333628732,-0.08283302213195179,2393.805617201422,,,,0.02074296383146417,2022,black,0.021251500609965064,11.165130305826395
19,18,18,1153.1031157196326,891.5605127409726,5120.135524853033,0.1677573919296264,1385.442360233099,3626.371580166189,32.0,2022-03-22 21:22:31.356,2459661.3906406946,-8.972825983360567,0.2575942790784733,0.07067605692712108,3882.669224404908,,,,0.2575674930425853,2022,black,0.018029085013128714,10.640026526818671
20,18,18,1150.4866314066385,885.8558694612185,3742.000282264198,0.1172466278076171,1385.442360233099,1984.232079971057,32.0,2022-03-24 21:04:29.473,2459663.3781189006,-8.494078787668935,0.5038067679009739,0.259038609367528,2498.224798629197,,,,0.5037532674360783,2022,black,0.024373259052355722,11.118773722510303
21,19,19,1147.6458679248374,899.9296831367885,4425.077284859362,0.1446560621261596,1385.4423602330987,2615.144715401826,32.0,2022-03-20 21:49:05.184,2459659.4090877776,-8.485029881733725,0.024041066522548157,-0.05263742085749984,2477.4902424139536,,,,0.024040915271670682,2022,black,0.021230585654395912,11.127822628445513
22,20,20,1153.011073145727,891.2088025178235,5083.562768932289,0.1795028448104858,1385.442360233099,3609.565876696443,32.0,2022-03-22 21:25:23.910,2459661.392637847,-8.999368019987234,0.2618611601930807,0.10228078195942786,3978.755097099023,,,,0.26183434731273003,2022,black,0.018071006896895097,10.613484490192004
23,18,18,1150.4355804942093,885.7493054754716,3707.8677369206016,0.1167746186256408,1385.442360233099,1963.325107457175,32.0,2022-03-24 21:07:04.789,2459663.3799165394,-8.417817394557414,0.5076473918849285,0.18613668311738457,2328.771930840336,,,,0.5075938672573042,2022,black,0.024502687860586885,11.195035115621824
24,18,18,1147.6703269846175,899.7704576983733,4765.029977777414,0.1420387029647827,1385.4423602330987,2784.26003899692,32.0,2022-03-20 21:55:57.082,2459659.413855116,-8.501970302370127,0.03422640152696985,-0.09618753486106359,2516.448929433637,,,,0.03422618619653686,2022,black,0.020575715234870545,11.11088220780911
25,19,19,1153.0334903433557,891.7362024679317,5079.015160799065,0.1577700972557068,1385.442360233099,3610.167139305712,32.0,2022-03-22 21:28:17.108,2459661.3946424536,-8.967370126846628,0.26614396730207535,0.07009107507388082,3863.207635296046,,,,0.2661171274770666,2022,black,0.018069501997983465,10.64548238333261
26,18,18,1150.368123321532,885.7250772591062,3679.855390286412,0.0957584977149963,1385.442360233099,1945.700926093686,32.0,2022-03-24 21:09:54.832,2459663.38188463,-8.442049842656635,0.5118521827128202,0.22389412890798144,2381.3319400568844,,,,0.5117986316313647,2022,black,0.024613410508265744,11.170802667522603
27,18,18,1147.730506622263,899.8176651218314,4882.40892645237,0.1467906236648559,1385.442360233099,2843.968761613718,32.0,2022-03-20 21:58:18.988,2459659.415497546,-8.555552906196288,0.0377354249776,-0.07039951694728315,2643.754734582949,,,,0.037735187570655734,2022,black,0.02035857737647768,11.05729960398295
28,18,18,1152.8510426491696,891.5139863298182,5065.417552008434,0.1670910120010376,1385.4423602330987,3612.9225276484913,32.0,2022-03-22 21:31:09.090,2459661.396632986,-8.978886019734164,0.27039670524225645,0.08067662764484482,3904.4009331212596,,,,0.2703698386617637,2022,black,0.018062610348469767,10.633966490445074
29,18,18,1150.4154485623883,885.6872899217569,3691.341937595701,0.0985234379768371,1385.442360233099,1968.168719613397,32.0,2022-03-24 21:12:41.273,2459663.38381103,-8.422730840015166,0.5159679031789199,0.18858435861340814,2339.334555244662,,,,0.5159143262040065,2022,black,0.024472519048427177,11.190121670164071
30,19,19,1147.6679999763578,899.8136061054735,5022.086096392722,0.1527698040008545,1385.4423602330987,2947.4909511373726,32.0,2022-03-20 22:00:36.673,2459659.417091123,-8.535413995399233,0.04114007387030749,-0.11953293009526417,2595.1687213186456,,,,0.04113981504350933,2022,black,0.01999786340387004,11.077438514780004
31,20,20,1152.9630414845826,891.7080235037478,5015.922596680259,0.1545323729515075,1385.4423602330987,3558.4899381475534,32.0,2022-03-22 21:33:57.839,2459661.3985860995,-8.98649947352034,0.2745694978344213,0.10492817315774063,3931.875786557578,,,,0.27454260500141103,2022,black,0.018200233790777464,10.626353036658898
32,18,18,1150.36480199854,885.6945145517809,3686.763853419604,0.0983124375343322,1385.442360233099,1970.0142751113565,32.0,2022-03-24 21:15:25.708,2459663.385714213,-8.471195181238771,0.5200340200621731,0.24167717934004046,2446.1217683798836,,,,0.5199804175058773,2022,black,0.02446105314800035,11.141657328940466
33,18,18,1147.7760478506143,899.8619464498215,5168.55922254476,0.1448022127151489,1385.4423602330987,3045.60312448337,32.0,2022-03-20 22:02:59.971,2459659.4187496644,-8.561978102567046,0.04468351907754856,-0.12679154603594478,2659.4463957182193,,,,0.04468323795767965,2022,black,0.019673117378506234,11.050874407612191
34,18,18,1153.1362046500126,891.644283971456,4977.524902419296,0.1678748726844787,1385.442360233099,3576.1677907429994,32.0,2022-03-22 21:36:47.425,2459661.4005489005,-8.97836613038907,0.278762987852077,0.09126082503280245,3902.53181378194,,,,0.2787360686363334,2022,black,0.018155194007197235,10.634486379790168
35,19,19,1150.4150155854468,885.7708469554702,3657.5155748139623,0.1015678644180297,1385.4423602330987,1950.12993692326,32.0,2022-03-24 21:18:12.779,2459663.387647905,-8.458096829999832,0.524165319310514,0.23929638446771953,2416.7889800712583,,,,0.5241116907627497,2022,black,0.024585444415880016,11.154755680179406
36,18,18,1147.751973730096,899.7474095916997,6481.908764390546,0.209956407546997,1385.442360233099,3989.051007514236,32.0,2022-03-20 22:21:34.144,2459659.431645185,-8.837068362763976,0.07223457408162119,-0.141070032034288,3426.315454097794,,,,0.07223411962829218,2022,black,0.01718996700227542,10.775784147415262
37,26,26,1152.8152478229506,891.3853017939252,4997.212230442653,0.1495836079120636,1385.4423602330987,3613.225445423144,32.0,2022-03-22 21:39:43.922,2459661.40259169,-8.936108025833228,0.283127371907713,0.03883877233247986,3753.5586858838565,,,,0.28310042523408097,2022,black,0.01806185318558369,10.67674448434601
38,17,17,1150.5422630150808,886.0342457057338,3679.941860181632,0.1239838600158691,1385.4423602330987,1977.0988820645416,32.0,2022-03-24 21:21:02.680,2459663.389614352,-8.448541707017243,0.5283665992167297,0.21168098427779863,2395.6131194344994,,,,0.5283129442372232,2022,black,0.024417187746831045,11.164310803161994
39,21,21,1147.6000568285472,899.6460740564293,6701.078873957769,0.1800602674484253,1385.4423602330987,4163.436486934492,32.0,2022-03-20 22:23:51.397,2459659.4332337617,-8.918207861730632,0.07562853998284083,-0.11318873591273604,3692.182373925414,,,,0.0756280641768684,2022,black,0.0168261155057391,10.694644648448605
40,27,27,1152.9376875282242,891.5961429532043,4999.629192509585,0.136744737625122,1385.4423602330987,3632.947249158672,32.0,2022-03-22 21:42:37.668,2459661.404602639,-8.93717216171789,0.2874237292443169,0.03421247671960339,3757.2393723440605,,,,0.2873967555407768,2022,black,0.01801276121575414,10.675680348461349
41,19,19,1150.4176698150975,885.7269408754119,3642.956693454825,0.1061543226242065,1385.442360233099,1961.5595122086163,32.0,2022-03-24 21:23:44.899,2459663.3914918867,-8.435203899814352,0.5323779192580993,0.20636872909127738,2366.3640557800145,,,,0.5323242390419551,2022,black,0.02451371278703052,11.177648610364885
42,20,20,1147.6938871665134,899.8043962749937,6897.526542786188,0.1879665851593017,1385.442360233099,4322.028877859599,32.0,2022-03-20 22:26:07.125,2459659.4348046873,-8.941367927540059,0.07898479506339118,-0.12731099024029083,3771.7871015721603,,,,0.0789842981420275,2022,black,0.01651452191541713,10.671484582639179
43,24,24,1152.9429628783712,891.6625754595605,4998.671756186235,0.1697777211666107,1385.442360233099,3642.9678797619545,32.0,2022-03-22 21:45:29.550,2459661.406592014,-8.937481507230503,0.29167399391975213,0.03166158832053404,3758.310029035906,,,,0.29164699347628886,2022,black,0.01798797050567153,10.675371002948735
44,19,19,1150.369778536529,885.5719887977468,3642.5791454046,0.1096799373626709,1385.442360233099,1948.1949614811213,32.0,2022-03-24 21:26:16.929,2459663.393251493,-8.456578980920039,0.5361372876407522,0.23879423769806202,2413.412692195211,,,,0.5360835837730864,2022,black,0.02459765069544249,11.156273529259199
45,20,20,1147.6448995659885,899.7103741993137,7159.923067437556,0.2192268371582031,1385.442360233099,4552.215376515376,32.0,2022-03-20 22:28:25.378,2459659.4364048378,-9.00799816871719,0.08240348863768127,-0.11899886874133335,4010.5068964431434,,,,0.08240297020810361,2022,black,0.01609157067851672,10.604854341462048
46,24,24,1152.9513142756732,891.536499508981,4989.691261970451,0.1558384299278259,1385.442360233099,3649.999373526061,32.0,2022-03-22 21:48:25.456,2459661.408627963,-8.911723790883618,0.2960237642240413,0.0055339224592678695,3670.1981870355303,,,,0.2959967364146303,2022,black,0.01797063580732216,10.70112871929562
47,21,21,1150.3986947472104,885.6558356221102,3641.4197728368554,0.11460542678833,1385.4423602330987,1968.7536480869944,32.0,2022-03-24 21:28:53.416,2459663.395062685,-8.489384383577868,0.5400068675259213,0.26346256142510943,2487.4465270270225,,,,0.5399531393133579,2022,black,0.024468883312532108,11.12346812660137
48,19,19,1147.7010512885895,899.8131922206121,7395.153331740885,0.2239701747894287,1385.4423602330987,4750.149091074423,32.0,2022-03-20 22:30:48.824,2459659.4380650925,-9.047251580415775,0.08595059399818028,-0.12462650780709676,4158.154598290764,,,,0.08595005325250456,2022,black,0.0157527440764561,10.565600929763463
49,26,26,1152.987195457232,891.6704281623792,4970.3890914531,0.1525323390960693,1385.442360233099,3648.12033880793,32.0,2022-03-22 21:51:17.140,2459661.4106150465,-8.878899916673646,0.3002691331087224,-0.0239078705878275,3560.9015498588883,,,,0.30024207859019025,2022,black,0.017975263272760354,10.733952593505592
50,18,18,1150.4886099967498,885.8276586787239,3510.796408294679,0.1059826612472534,1385.4423602330987,1941.078135184383,32.0,2022-03-24 21:31:23.185,2459663.3967961227,-8.457257994528039,0.5437103267939669,0.24411400852880677,2414.9224996318635,,,,0.5436565752816271,2022,black,0.024642702215752054,11.155594515651199
51,20,20,1147.6266151031475,899.7751118713619,7525.268894178324,0.200882077217102,1385.442360233099,4836.59004759098,32.0,2022-03-20 22:33:05.658,2459659.4396488196,-9.03945115548372,0.08933419924812833,-0.14642598746211152,4128.38757392305,,,,0.08933363721499171,2022,black,0.01561134059467403,10.573401354695518
52,25,25,1152.9759174104272,891.6499419447144,4958.723493737686,0.1700524091720581,1385.442360233099,3642.5158598357207,32.0,2022-03-22 21:54:08.356,2459661.412596713,-8.922463598807484,0.30450292858681216,0.017616143728854495,3706.6829427572184,,,,0.30447584743197087,2022,black,0.017989086584389764,10.690388911371754
53,16,16,1150.4621206140705,885.9921822671516,3482.3713645395846,0.1092134714126586,1385.442360233099,1910.789287919191,32.0,2022-03-24 21:34:03.324,2459663.398649583,-8.407105321751208,0.5476702126784243,0.20678340891470878,2305.9088105928304,,,,0.5476164362530369,2022,black,0.024837246004216707,11.20574718842803
54,20,20,1147.6798755350942,899.7088373269731,7814.984202019459,0.2132964134216308,1385.4423602330987,5098.295287191224,32.0,2022-03-20 22:35:23.917,2459659.4412490395,-9.10636837306503,0.09275304105912281,-0.13876362651684893,4390.83734408681,,,,0.09275245751683962,2022,black,0.015205382340572117,10.506484137114208
55,27,27,1152.9099063249685,891.6310806212334,4935.2433503002485,0.1346445977687835,1385.442360233099,3625.743716169239,32.0,2022-03-22 21:57:04.238,2459661.414632384,-8.91812000391738,0.3088521049494064,0.018241746656543475,3691.8836144811526,,,,0.30882499643235395,2022,black,0.018030645978857115,10.694732506261857
56,23,23,1150.3743180196564,885.6871525331416,3493.3705294431143,0.1155640482902526,1385.4423602330987,1938.6389046457552,32.0,2022-03-24 21:36:38.713,2459663.400448067,-8.390444305110421,0.551512642364516,0.1713341308244292,2270.7939163556593,,,,0.5514588417650401,2022,black,0.024658200289145164,11.222408205068817
57,20,20,1147.634535326937,899.7518579352469,7980.440387815609,0.1876156330108642,1385.442360233099,5235.117439335658,32.0,2022-03-20 22:37:41.303,2459659.442839155,-9.12934560975955,0.09615029502952362,-0.14333343857979594,4484.750055386621,,,,0.0961496901139106,2022,black,0.01500536705788719,10.483506900419687
58,26,26,1152.9422490350132,891.6379809103213,4870.688647681629,0.1467587947845459,1385.442360233099,3565.187024850557,32.0,2022-03-22 21:59:53.785,2459661.416594734,-8.876681739693495,0.31304463093104484,-0.003240511405223134,3553.6339956347756,,,,0.31301749603732354,2022,black,0.01818313148484038,10.736170770485742
59,20,20,1150.3111051950964,885.6704350650814,3482.9534098431614,0.1090960502624511,1385.4423602330987,1939.0842829422008,32.0,2022-03-24 21:39:11.196,2459663.402212917,-8.470431554143884,0.5552832130645591,0.26059603101097323,2444.4019508726974,,,,0.5552293887430864,2022,black,0.024655368318915696,11.142420956035354
60,19,19,1147.6700222710276,899.9442469182849,8193.747272012522,0.1937305927276611,1385.4423602330987,5405.419596835167,32.0,2022-03-20 22:40:03.455,2459659.4444844327,-9.157948773065153,0.09966540215429683,-0.14817555801393953,4604.468531774632,,,,0.09966477512389799,2022,black,0.014767097146471266,10.454903737114085
61,25,25,1152.9707315518308,891.575316020438,4891.13672127481,0.1578440070152282,1385.442360233099,3594.284154191947,32.0,2022-03-22 22:02:51.780,2459661.418654861,-8.894296719904531,0.3174460562549877,0.004861668000412005,3611.75837044877,,,,0.3174188936703386,2022,black,0.01810938216049202,10.718555790274706
62,18,18,1150.4055978992412,885.973462390387,3463.7281855562146,0.0930496454238891,1385.442360233099,1913.642196295743,32.0,2022-03-24 21:41:53.716,2459663.404093935,-8.38293581477414,0.5593019757823416,0.17845658415599897,2255.1442459434647,,,,0.5592481261774083,2022,black,0.024818725087295403,11.229916695405098
63,18,18,1147.6673729539125,900.0229776309984,8417.791479698953,0.2303255796432495,1385.4423602330987,5603.617796306653,32.0,2022-03-20 22:42:20.143,2459659.44606647,-9.172077793682336,0.10304539699484745,-0.16754146267371717,4664.779474448965,,,,0.10304474869970211,2022,black,0.014503592359084447,10.440774716496902
64,26,26,1153.0071058665678,891.6498743895332,4542.549302412486,0.158705323934555,1385.442360233099,3564.4706386532653,32.0,2022-03-22 22:05:46.679,2459661.4206791553,-8.915612719280327,0.32177092577757094,0.03335619168375938,3683.367804527316,,,,0.3217437359836337,2022,black,0.018184958613088567,10.69723979089891
65,19,19,1150.2946652682565,885.688007475453,3464.475931123419,0.104059100151062,1385.442360233099,1934.7847583495568,32.0,2022-03-24 21:44:30.941,2459663.405913669,-8.41908585623987,0.5631898056950639,0.20504061576585095,2331.494216575933,,,,0.5631359316304128,2022,black,0.024682747988631574,11.193766653939369
66,20,20,1147.6453182794282,899.7599159681815,8654.662622447962,0.2462804317474365,1385.442360233099,5823.066298729239,32.0,2022-03-20 22:44:39.025,2459659.4476739005,-9.277815909154821,0.1064796444794487,-0.1169716869230956,5141.932410701854,,,,0.1064789745782342,2022,black,0.014227676123651884,10.335036601024417
67,32,32,1152.875715630145,891.6111904814557,4501.542605063225,0.1429326832294464,1385.4423602330987,3533.599993499103,32.0,2022-03-22 22:08:37.927,2459661.4226611922,-8.86361722623873,0.3260055131779209,-0.006358995848053151,3511.129845811762,,,,0.32597829674269185,2022,black,0.018264220644863487,10.749235283940507
68,22,22,1150.289403085643,885.6360391366427,3468.6734620168154,0.1065614819526672,1385.442360233099,1947.8682635676116,32.0,2022-03-24 21:47:05.110,2459663.4076980324,-8.355526081900923,0.5670020667246192,0.12888798566380105,2198.925080397287,,,,0.5669481686756814,2022,black,0.024599713377089643,11.257326428278315
69,18,18,1147.6118303711437,899.7626752766719,8750.824292197209,0.2346023321151733,1385.442360233099,5883.027569721931,32.0,2022-03-20 22:46:55.510,2459659.449253588,-9.250729390841162,0.10985461916959444,-0.1475068996783929,5015.240412189739,,,,0.10985392803521699,2022,black,0.014154984430621012,10.362123119338076
70,31,31,1152.9772894703096,891.5499422799453,4496.440102385191,0.1357874572277069,1385.4423602330987,3524.983886760396,32.0,2022-03-22 22:11:23.526,2459661.424577847,-8.835948472040151,0.33010041285375635,-0.028993241564058133,3422.7831774221395,,,,0.33007317065606134,2022,black,0.0182865286091524,10.776904038139087
71,23,23,1150.3950911320528,885.676172388352,3451.4544843015,0.1026282310485839,1385.4423602330987,1942.9462600789516,32.0,2022-03-24 21:49:35.829,2459663.4094424653,-8.42258596890544,0.5707290170333632,0.20385338691892269,2339.0224357975,,,,0.570675095536858,2022,black,0.024630852501362148,11.190266541273798
72,18,18,1147.6671139164407,899.7990908652541,8843.327802752941,0.2265728712081909,1385.442360233099,5923.803720121485,32.0,2022-03-20 22:49:16.658,2459659.4508872456,-9.2430930993914,0.11334490012845333,-0.15930864863512675,4980.0905546891945,,,,0.11334418703548027,2022,black,0.014106182808332946,10.369759410787838
73,33,33,1152.9422072331236,891.637937791269,4450.03144006183,0.146935760974884,1385.442360233099,3502.2697658929947,32.0,2022-03-22 22:14:22.422,2459661.4266484026,-8.836167815014383,0.3345241184528307,-0.02249827831716405,3423.4747259581454,,,,0.3344968484240347,2022,black,0.018345731806102484,10.776684695164855
74,25,25,1150.3124658802556,885.695739547539,3469.081544553994,0.1102522015571594,1385.442360233099,1988.6881810692053,32.0,2022-03-24 21:54:05.741,2459663.4125664467,-8.40465055318553,0.5774033487815053,0.15689389312135502,2300.7012120015793,,,,0.5773493852944132,2022,black,0.024345936866601945,11.208201956993708
75,22,22,1147.605355085435,899.704642557302,8954.920402170894,0.2494299411773681,1385.4423602330987,6006.661374594441,32.0,2022-03-20 22:51:32.309,2459659.45245728,-9.26714379908064,0.11669925101402251,-0.15233476815585012,5091.638006704898,,,,0.11669851681763815,2022,black,0.014008552535779645,10.345708711098597
76,35,35,1152.9120478787352,891.5286564386419,4436.706783699103,0.1232776939868927,1385.442360233099,3492.23141544466,32.0,2022-03-22 22:17:13.587,2459661.4286294794,-8.837408436536412,0.3387566544163727,-0.018567671114306825,3427.3888110676335,,,,0.338729357759191,2022,black,0.018372080107713185,10.775444073642825
77,22,22,1150.3178391745926,885.7654068350263,3479.8007925232823,0.1130913496017456,1385.4423602330987,1990.593050533209,32.0,2022-03-24 21:56:39.613,2459663.4143473725,-8.41745628436034,0.5812082656274917,0.1694994723365287,2327.9975222353487,,,,0.5811542782023178,2022,black,0.024334285330975244,11.195396225818898
78,19,19,1147.621640548443,899.5419724741071,9111.230768460697,0.2296572923660278,1385.442360233099,6142.599220673565,32.0,2022-03-20 22:53:48.451,2459659.4540329976,-9.251764413515021,0.12006574437594755,-0.18275252942395795,5020.023675857838,,,,0.12006498899975927,2022,black,0.013852678265854065,10.361088096664217
79,32,32,1152.9619731078485,891.607300883737,4358.594518544958,0.1549856066703796,1385.442360233099,3444.9454033388884,32.0,2022-03-22 22:20:07.405,2459661.4306412614,-8.833506104920968,0.34305479158830643,-0.008665778609504357,3415.092269151724,,,,0.34302746789001937,2022,black,0.018497739799497606,10.77934640525827
80,25,25,1150.3350858162032,885.7739451344092,3438.4789638039365,0.1051710247993469,1385.442360233099,1954.369719488516,32.0,2022-03-24 21:59:15.413,2459663.416150613,-8.418384591236276,0.5850608579842902,0.19219449279872336,2329.9888164667946,,,,0.5850068463210913,2022,black,0.024558762275981028,11.194467918942962
81,18,18,1147.491249701524,899.6451431352831,9139.527542212983,0.247017502784729,1385.4423602330987,6145.80062750053,32.0,2022-03-20 22:56:06.254,2459659.4556279397,-9.253049038074927,0.12347331024863664,-0.182211219971866,5025.966797459799,,,,0.1234725334342427,2022,black,0.013849069799008332,10.35980347210431
82,33,33,1152.9769645585416,891.5934068114427,4350.167349981371,0.1550623774528503,1385.4423602330987,3449.6236554513966,32.0,2022-03-22 22:22:51.958,2459661.43254581,-8.836798174866926,0.3471238264464196,-0.007003877521945838,3425.462913871808,,,,0.34709647714839065,2022,black,0.018485192568487456,10.776054335312311
83,24,24,1150.3981073791397,885.7896163804825,3393.4320873814704,0.0972790718078613,1385.442360233099,1919.2001758815688,32.0,2022-03-24 22:01:50.243,2459663.4179426273,-8.374835957108683,0.5888894648464174,0.16631029212982593,2238.3829177880457,,,,0.5888354290960933,2022,black,0.024782761673072168,11.238016553070555
84,18,18,1147.7087619524953,899.8946806579414,9160.86302350852,0.2256854772567749,1385.4423602330987,6144.34303880745,32.0,2022-03-20 22:58:29.639,2459659.4572874885,-9.301629049222566,0.12701890737528432,-0.14458637122981616,5255.9547752351,,,,0.12701810825428114,2022,black,0.01385071237091513,10.311223460956672
85,28,28,1152.998277940835,891.5781041951835,4274.285077547823,0.1428490281105041,1385.442360233099,3384.03772066324,32.0,2022-03-22 22:25:47.252,2459661.4345746757,-8.788879757099648,0.35145846267857994,-0.03146190443748155,3277.5694492829007,,,,0.3514310861098169,2022,black,0.01866346343269335,10.82397275307959
86,27,27,1150.2945639314294,885.7660896703393,3303.3141213021954,0.1035241484642028,1385.442360233099,1950.293766843616,32.0,2022-03-24 22:04:34.856,2459663.4198478702,-8.40551174342146,0.5929599830664518,0.18060512624284658,2302.526818815044,,,,0.5929059217070538,2022,black,0.024584411772475275,11.207340766757778
87,20,20,1147.6269918066432,899.646896332576,9216.147817987669,0.2423475980758667,1385.442360233099,6187.761590079379,32.0,2022-03-20 23:00:45.802,2459659.4588634493,-9.286487183718773,0.1303859200631133,-0.1623524912685836,5183.163080553939,,,,0.13038509975903895,2022,black,0.01380203268946122,10.326365326460465
88,36,36,1152.9246890802594,891.5279915083089,4283.091631917548,0.1370811462402343,1385.442360233099,3391.3987331435424,32.0,2022-03-22 22:28:37.758,2459661.436548125,-8.773561298396057,0.3556747025534115,-0.047103644866749374,3231.6514916160054,,,,0.3556472994587878,2022,black,0.018643197957325372,10.83929121178318
89,33,33,1150.3829073598642,885.7501499463382,3048.8520566923416,0.112484872341156,1385.442360233099,1988.420693948332,32.0,2022-03-24 22:07:18.190,2459663.4217383103,-8.400194965911243,0.5969988751348367,0.15231101161512514,2291.2790613600514,,,,0.5969447883653363,2022,black,0.024347574348444177,11.212657544267994
90,19,19,1147.6455246317682,899.7169309347258,9207.002002247276,0.2229036092758178,1385.442360233099,6144.626340366632,32.0,2022-03-20 23:03:01.509,2459659.460434132,-9.31088298261907,0.1337416558177597,-0.13730413818497617,5300.943716233887,,,,0.13374081440156135,2022,black,0.013850393069673452,10.301969527560168
91,36,36,1152.898196097707,891.5223586891638,4207.287912083271,0.1671309173107147,1385.442360233099,3342.9099332139594,32.0,2022-03-22 22:31:33.988,2459661.438587824,-8.78202100843091,0.3600324836090003,-0.02572013414243426,3256.9298413056204,,,,0.3600050530980301,2022,black,0.018777920669220727,10.830831501748328
92,29,29,1150.3661974110455,885.6042035910406,3040.85211812668,0.0965184271335601,1385.442360233099,2003.913928435467,32.0,2022-03-24 22:09:51.440,2459663.423512037,-8.398919908244338,0.6007884111791473,0.1420599435041493,2288.589827896187,,,,0.6007343005683321,2022,black,0.02425327023972823,11.2139326019349
93,17,17,1147.6896560981784,899.8134378416215,9214.920924794458,0.2340172529220581,1385.442360233099,6060.982715551792,32.0,2022-03-20 23:11:31.194,2459659.466333264,-9.313102798372059,0.14634504883653646,-0.12360866730489983,5311.792719524403,,,,0.14634412812792186,2022,black,0.013945635670246101,10.299749711807179
94,28,28,1152.961430478479,891.772391947362,4187.542575008306,0.1553180813789367,1385.442360233099,3319.8526082178832,32.0,2022-03-22 22:34:28.106,2459661.440603079,-8.790756504013528,0.36433804057517083,-0.011028448707634069,3283.239784011247,,,,0.3643105829764144,2022,black,0.01884301684927643,10.82209600616571
95,34,34,1150.363452929683,885.7268437210677,3021.322714732948,0.091178148984909,1385.442360233099,1987.3318449832009,32.0,2022-03-24 22:12:28.862,2459663.425334051,-8.337842017221558,0.6046811120106934,0.08859520033848761,2163.3999079285436,,,,0.6046269769095147,2022,black,0.0243542433908859,11.27501049295768
96,17,17,1147.7850168489838,899.7316608791745,9257.525944418232,0.251986026763916,1385.442360233099,6119.998950362792,32.0,2022-03-20 23:13:52.858,2459659.4679728937,-9.257166617119571,0.1498480890956218,-0.1756430586514636,5045.063615777325,,,,0.14984714634813834,2022,black,0.013878232663316536,10.355685893059666
97,30,30,1152.946458788772,891.5184909721422,4102.151778854252,0.1204476654529571,1385.442360233099,3236.378713742159,32.0,2022-03-22 22:37:21.470,2459661.4426096063,-8.802107532318665,0.3686249515526603,0.02514117372269812,3317.745073216793,,,,0.36859746698342644,2022,black,0.019084472911162203,10.810744977860573
98,32,32,1150.363555004164,885.6468383404571,3025.1083641576765,0.098203957080841,1385.4423602330987,2025.3985967009608,32.0,2022-03-24 22:15:06.344,2459663.4271567594,-8.388868490604494,0.6085752971990352,0.1195329790716896,2267.5005247722465,,,,0.6085211375981583,2022,black,0.024124292496232835,11.223984019574743
99,17,17,1147.6333071853608,899.7495457759119,9208.40619871678,0.2273197174072265,1385.442360233099,6040.535459539839,32.0,2022-03-20 23:16:12.196,2459659.4695856017,-9.321437949532733,0.15329361152365123,-0.11386530333716277,5352.728057120447,,,,0.15329264709916396,2022,black,0.013969218768431272,10.291414560646505
100,31,31,1152.9782839076868,891.8046164841908,4099.299163625704,0.130064308643341,1385.4423602330987,3233.999027299713,32.0,2022-03-22 22:40:30.766,2459661.4448005324,-8.732649259256984,0.3733058269414222,-0.03767932000838753,3112.144143043273,,,,0.37327831292314073,2022,black,0.01909149312199875,10.880203250922253
101,36,36,1150.3194883477493,885.7331634018636,2988.3730815965864,0.0748942196369171,1385.442360233099,1997.654576434196,32.0,2022-03-24 22:17:49.035,2459663.429039757,-8.361881760715532,0.6125982881449641,0.10721588972394383,2211.834889207697,,,,0.612544103234022,2022,black,0.024291237520220586,11.250970749463706
102,16,16,1147.556213838909,899.8026750987145,9169.847492699417,0.2515380382537842,1385.442360233099,5979.507722744035,32.0,2022-03-20 23:18:37.702,2459659.4712696993,-9.25110919180457,0.15689165658708942,-0.1609685393819374,5016.995098390914,,,,0.15689066952602435,2022,black,0.01404032375444794,10.361743318374668
103,37,37,1152.912074838249,891.4359934024246,4098.863122197727,0.1317818164825439,1385.4423602330987,3246.4822739332203,32.0,2022-03-22 22:43:25.947,2459661.44682809,-8.729900254581679,0.3776376685634979,-0.04380368449844361,3104.2743886760595,,,,0.3776101272920638,2022,black,0.019054752838671894,10.882952255597559
104,28,28,1150.397142153973,885.8116734554425,2963.3391287714617,0.1084250211715698,1385.442360233099,1989.560095378224,32.0,2022-03-24 22:20:26.806,2459663.4308658103,-8.382050642378712,0.6164996195363113,0.1325651535652105,2253.3064349492533,,,,0.6164454100807095,2022,black,0.02434060154222609,11.230801867800526
105,17,17,1147.6393815350798,899.7273153575967,9204.858950185506,0.2330317497253418,1385.442360233099,5994.478957109592,32.0,2022-03-20 23:21:01.915,2459659.472938831,-9.266409479348365,0.16045772729185487,-0.15118635628121876,5088.195525779752,,,,0.160456717795374,2022,black,0.01402277991222349,10.346443030830873
106,37,37,1152.934855550366,891.5831641349384,4063.130683228853,0.1355018019676208,1385.442360233099,3219.818225857626,32.0,2022-03-22 22:46:17.927,2459661.4488185993,-8.724600018270532,0.3818903567598184,-0.040580253111007,3089.1571872808904,,,,0.38186278873321466,2022,black,0.019133488541771958,10.888252491908705
107,37,37,1150.368481008446,885.7113614428772,2996.924986087062,0.0951454937458038,1385.442360233099,2028.9717218577732,32.0,2022-03-24 22:23:00.650,2459663.432646412,-8.377063770162746,0.6203038439477595,0.10547649735926667,2242.9805523203313,,,,0.6202496105584334,2022,black,0.02410304106645218,11.235788740016492
108,17,17,1147.613113160202,899.8368759402149,9132.00565160249,0.2508056163787842,1385.442360233099,5910.077178540751,32.0,2022-03-20 23:23:23.410,2459659.4745765044,-9.287485841837418,0.16395658807177835,-0.12218866510466855,5187.932737429292,,,,0.16395555656272315,2022,black,0.014122554574751483,10.32536666834182
109,29,29,1152.90260186831,891.176797448119,4016.052884823207,0.1472043991088867,1385.442360233099,3187.916098637519,32.0,2022-03-22 22:53:19.548,2459661.453698472,-8.71978629138373,0.39231611976022585,-0.03526589092046759,3075.4913972393656,,,,0.3922884861414495,2022,black,0.019228986582419096,10.893066218795507
110,36,36,1150.3157362262732,885.7448634047066,2999.163320782573,0.0997690856456756,1385.4423602330987,2043.2741172752771,32.0,2022-03-24 22:25:48.676,2459663.4345911574,-8.364509165265025,0.6244587585964485,0.08511816179684614,2217.193854184822,,,,0.6244044990670812,2022,black,0.02401853537058174,11.248343344914213
111,15,15,1147.666266943014,899.839062812566,9096.152092964052,0.2318097352981567,1385.442360233099,5867.692958103795,32.0,2022-03-20 23:25:46.305,2459659.476230382,-9.250332045327681,0.16749006858887763,-0.1455917406428841,5013.40532677547,,,,0.16748901484944312,2022,black,0.014173468659302866,10.362520464851556
112,31,31,1152.9163863665149,891.6037683466708,4019.482561331442,0.1444181203842163,1385.4423602330987,3199.374581529127,32.0,2022-03-22 22:56:24.666,2459661.4558410416,-8.744826374023242,0.3968936821250493,-0.016293684716114833,3147.24498080894,,,,0.39686601970720314,2022,black,0.01919452162007041,10.868026136155995
113,33,33,1150.3614096213548,885.8557149811056,2998.506681106888,0.1005100011825561,1385.442360233099,2042.4656564762736,32.0,2022-03-24 22:28:22.207,2459663.4363681367,-8.367983319502727,0.6282552438580762,0.08902679394950022,2224.2998256243172,,,,0.6282009604436727,2022,black,0.02402328847942204,11.24486919067651
114,17,17,1147.5915237692934,899.8019609600766,9111.251552428224,0.2171015739440918,1385.4423602330987,5880.877250044432,32.0,2022-03-20 23:28:10.187,2459659.4778956827,-9.2449204995738,0.17104795443883114,-0.15174566995921668,4988.479591788524,,,,0.17104687831547466,2022,black,0.014157572051345794,10.367932010605438
115,38,38,1152.873108291789,891.4535169311241,3987.172009086368,0.1382412910461425,1385.442360233099,3171.623287396414,32.0,2022-03-22 22:59:38.496,2459661.4580844445,-8.720049496080662,0.4016866732113096,-0.030074895099947797,3076.2370497314155,,,,0.40165898063905736,2022,black,0.019278313519746893,10.892803014098575
116,37,37,1150.3148653660778,885.7307579557181,3002.333491759059,0.1051466763019561,1385.442360233099,2066.901451732176,32.0,2022-03-24 22:30:54.866,2459663.438135023,-8.401062764981456,0.6320301661510399,0.10944387203849093,2293.111149731724,,,,0.6319758589872606,2022,black,0.023880859454725678,11.211789745197782
117,16,16,1147.6678526769658,899.7011588681944,9096.500422523732,0.2509564161300659,1385.4423602330987,5830.959773113711,32.0,2022-03-20 23:30:32.270,2459659.4795401623,-9.267832261121518,0.1745613563440653,-0.12623859175272187,5094.8676227890655,,,,0.17456025811665116,2022,black,0.014218042732688618,10.34502024905772
118,38,38,1152.9240047241624,891.5900460797376,3980.133687533251,0.1477339565753936,1385.4423602330987,3180.326838569242,32.0,2022-03-22 23:02:42.712,2459661.460216574,-8.695485100989531,0.4062419304290703,-0.05436772577196994,3007.4197011446736,,,,0.4062142091980787,2022,black,0.019251916116107798,10.917367409189707
119,38,38,1150.3268974516354,885.7063048155691,2994.3387154260977,0.1033695936203002,1385.442360233099,2076.319860453067,32.0,2022-03-24 22:33:28.784,2459663.4399164813,-8.343662206900252,0.6358362201416785,0.0475400224297048,2175.028153190248,,,,0.6357818890326641,2022,black,0.023826634827699873,11.269190303278986
120,17,17,1147.4944171660918,899.7254250406304,9050.298845851616,0.2409170866012573,1385.4423602330987,5767.972073503557,32.0,2022-03-20 23:32:53.881,2459659.481179178,-9.271556892981641,0.17806308535498705,-0.11366151233081576,5112.375644547232,,,,0.17806196509695352,2022,black,0.014295464234801034,10.341295617197597
121,37,37,1152.9521138679695,891.5671058322212,3944.993899009796,0.1267524361610412,1385.442360233099,3143.7373379269784,32.0,2022-03-22 23:05:47.666,2459661.4623572454,-8.668980366334441,0.41081543767438244,-0.06643213670465585,2934.8921493302823,,,,0.410787687669834,2022,black,0.019363627132129003,10.943872143844796
122,37,37,1150.3982190133192,885.731890688786,2992.8463077592537,0.0833511352539062,1385.442360233099,2084.590001070105,32.0,2022-03-24 22:36:04.518,2459663.4417189583,-8.368304779545724,0.6396871808998519,0.06733625460200816,2224.958484122962,,,,0.6396328255630763,2022,black,0.023779324458160542,11.244547730633514
123,15,15,1147.4530450316142,899.9083923879225,9027.936986190038,0.2256287336349487,1385.4423602330987,5744.069788911658,32.0,2022-03-20 23:35:15.706,2459659.4828206715,-9.251652869893261,0.18157010711266938,-0.12614084572309195,5019.50796784588,,,,0.18156896479071793,2022,black,0.014325176576335601,10.361199640285976
124,36,36,1152.8386732138144,891.4772184869665,3935.1968157724887,0.1332084238529205,1385.4423602330987,3151.108552312899,32.0,2022-03-22 23:08:47.349,2459661.4644369096,-8.703580026553446,0.4152586040665742,-0.03845714248677618,3029.925921725303,,,,0.41523082610849027,2022,black,0.019340965739415582,10.909272483625791
125,36,36,1150.3726791145543,885.6660185173268,2986.314642043081,0.1110582053661346,1385.442360233099,2101.088365208396,32.0,2022-03-24 22:38:38.976,2459663.4435066665,-8.319162704847994,0.6435065881324107,0.012093799220323682,2126.4985060413846,,,,0.6434522087663908,2022,black,0.023685779333650406,11.293689805331244
126,15,15,1147.52677597384,899.820417209723,8991.471581788805,0.2523382902145386,1385.442360233099,5701.959628075501,32.0,2022-03-20 23:37:40.213,2459659.484493206,-9.257845649835646,0.18514344738521296,-0.11465177298920513,5048.219847203776,,,,0.18514228258211032,2022,black,0.014377976479150794,10.355006860343591
127,35,35,1152.889805805196,891.6520596384477,3922.060899043944,0.1302732229232788,1385.4423602330987,3146.070395265509,32.0,2022-03-22 23:11:54.037,2459661.4665976507,-8.667405904029057,0.4198749895247884,-0.06847626389131006,2930.6392486586697,,,,0.4198471825233856,2022,black,0.019356445978295854,10.945446606150181
128,36,36,1150.3700707638354,885.7807607406404,3011.543115123608,0.1087220311164856,1385.4423602330987,2126.063940714724,32.0,2022-03-24 22:41:15.383,2459663.445316933,-8.349972173957813,0.6473741911965636,0.0289933022316864,2187.7055551117564,,,,0.6473197874980805,2022,black,0.023546245999522056,11.262880336221425
129,17,17,1147.4350267037755,899.6987992504291,8919.043730306912,0.228417158126831,1385.4423602330987,5595.254968398163,32.0,2022-03-20 23:43:37.114,2459659.4886240046,-9.202142741138097,0.19396882702753285,-0.14288871161911704,4795.756194783286,,,,0.19396760670083626,2022,black,0.014514427053858001,10.41070976904114
130,30,30,1153.0060706003685,891.5037644694863,3894.044833558647,0.1521545648574829,1385.442360233099,3122.7363825677835,32.0,2022-03-22 23:14:57.939,2459661.468726146,-8.669441869962988,0.4244224827207974,-0.05975415095455348,2936.1399213725517,,,,0.4243946471095015,2022,black,0.019428629937760143,10.94341064021625
131,39,39,1150.350326284255,885.7336529156098,3012.510382176483,0.1147424280643463,1385.442360233099,2135.2661721245186,32.0,2022-03-24 22:43:48.638,2459663.4470907175,-8.366937955544234,0.6511638506056485,0.040694267672560146,2222.1592652851164,,,,0.6511094230650727,2022,black,0.02349545327801544,11.245914554635004
132,15,15,1147.3982739672228,899.7944496639533,8850.247150547666,0.2268456220626831,1385.442360233099,5507.042130929209,32.0,2022-03-20 23:45:53.764,2459659.490205602,-9.195015043857167,0.1973478817091194,-0.1348575570947838,4764.375882334043,,,,0.1973466401235912,2022,black,0.014630212639424446,10.417837466322071
133,30,30,1152.9810461287282,891.7383828441311,3837.682569828656,0.1758204996585846,1385.442360233099,3075.735251576146,32.0,2022-03-22 23:18:03.326,2459661.4708718285,-8.637519813292377,0.4290066958397727,-0.07304430901775721,2851.0702954032085,,,,0.42897883138756665,2022,black,0.019576514154065125,10.975332696886861
134,38,38,1150.3563801222151,885.6426765433694,2978.191604280501,0.0879945755004882,1385.4423602330987,2099.8669332127592,32.0,2022-03-24 22:46:09.670,2459663.4487230326,-8.318566864701213,0.6546512633335091,0.012126908366393395,2125.3318270934496,,,,0.6545968138523826,2022,black,0.023692666999355808,11.294285645478025
135,15,15,1147.436988262578,899.6637987087774,8824.36249238097,0.2227518558502197,1385.442360233099,5453.5725201826735,32.0,2022-03-20 23:48:10.135,2459659.49178397,-9.219616943817805,0.20072003791212742,-0.10635365204531098,4873.565165967296,,,,0.20071877511116834,2022,black,0.014701758737571471,10.393235566361433
136,39,39,1152.8974604490136,891.5974916755852,3809.856751443983,0.1355288624763488,1385.442360233099,3051.274601859616,32.0,2022-03-22 23:21:04.791,2459661.472972118,-8.59743365049068,0.43349392733337844,-0.09948248108608418,2747.7262339916674,,,,0.4334660346504071,2022,black,0.019654825426778,11.015418859688557
137,36,36,1150.359963729594,885.753618706824,2982.665723632574,0.1010280847549438,1385.442360233099,2105.6818432467853,32.0,2022-03-24 22:48:31.631,2459663.4503660994,-8.323547628609218,0.6581616467812861,0.01397278594051406,2135.1040849012998,,,,0.6581071752150933,2022,black,0.023659930341234297,11.28930488157002
138,16,16,1147.3978574381936,899.7755413959096,8787.648644358065,0.2334692478179931,1385.442360233099,5406.830633034729,32.0,2022-03-20 23:50:26.255,2459659.493359433,-9.140301664303276,0.20408598707621822,-0.16212757048087925,4530.234318499214,,,,0.20408470309887897,2022,black,0.014765170114750198,10.472550845875961
139,33,33,1152.9626023738415,891.7179609998594,3809.854740128829,0.153582215309143,1385.442360233099,3057.490980611768,32.0,2022-03-22 23:24:14.517,2459661.475168021,-8.659859501755026,0.43818543596976767,-0.04812785927221,2910.3404849708336,,,,0.438157513770852,2022,black,0.019634834524587225,10.952993008424212
0,19,19,1166.4780558601813,901.587777037534,5932.061822723775,0.1888089776039123,1385.4423602330987,4008.0862792514126,30.0,2023-02-23 20:48:22.268,2459999.366924398,-9.21986371969179,0.0,0.21620959727075725,4874.672999514808,,,,0.33345424194556017,2023,teal,0.017149098979471238,10.392988790487447
1,21,21,1166.4806581434632,901.5060966886556,5870.486865426342,0.161668062210083,1385.4423602330987,3951.8533445090616,30.0,2023-02-23 20:50:33.867,2459999.3684475347,-9.181434895377652,0.003254134338888961,0.1906199048831086,4705.1552531513735,,,,0.33670837628449135,2023,teal,0.017270679632447918,10.431417614801585
2,21,21,1166.2567834482045,901.5315603828884,5471.053170659225,0.1488911509513855,1385.442360233099,3679.8412151024,60.0,2023-02-23 20:55:10.782,2459999.3716525696,-9.11480634841057,0.010101592329134304,0.2025231894635322,4425.094394704298,21.0,21.0,21.0,0.34355583427475267,2023,teal,0.017897620627204194,10.498046161768668
3,16,16,1173.245666830139,937.160221186419,7988.135379733756,0.1413383483886718,1385.442360233099,2623.011240267525,60.0,2023-04-03 21:05:40.729,2460038.3789436226,-8.469959799246556,0.34797361132690696,-0.06849805072919167,2443.34008326844,,,,0.6814278532724529,2023,teal,0.021198726024177807,11.142892710932681
4,43,43,1121.3272076689707,906.5836707225606,3375.775066308173,0.1137405037879943,1385.442360233099,2566.9926037323903,60.0,2023-04-19 21:45:55.368,2460054.4068908333,-8.404406535303387,0.5911875673984781,-0.10393813095528798,2300.184190324397,,,,0.9246418093440525,2023,teal,0.021428784095504406,11.20844597487585
5,21,21,1166.2624377342818,901.5754002564752,5591.453872099006,0.1412631273269653,1385.4423602330987,3835.699271258687,60.0,2023-02-23 20:59:10.794,2459999.374430486,-9.09073412410043,0.01603652483652208,0.12836368277524637,4328.06375573578,21.0,21.0,21.0,0.3494907667820826,2023,teal,0.01753022792758042,10.522118386078807
6,19,19,1173.3004309779865,937.1993303187372,7840.830656542413,0.136552095413208,1385.442360233099,2684.148289908846,60.0,2023-04-03 21:18:43.734,2460038.3880061805,-8.518290084340583,0.36733548634964563,-0.04827927160964551,2554.559565579771,,,,0.7007897282952626,2023,teal,0.020955912919878767,11.094562425838655
7,43,43,1121.2676960843758,906.520168699456,3349.6583940472,0.1017182767391204,1385.4423602330987,2563.452479847117,60.0,2023-04-19 21:58:48.354,2460054.4158374304,-8.391314633725225,0.6103016956773786,-0.11345541313501527,2272.614919694083,,,,0.9437559376229956,2023,teal,0.021443575549266215,11.221537876454013
8,21,21,1166.3812689067224,901.53410403413,5470.844248618682,0.1441056132316589,1385.4423602330987,3750.310579391219,60.0,2023-02-23 21:03:11.975,2459999.377221933,-9.071699788972508,0.022000365309148014,0.1339990234796873,4252.848534775183,21.0,21.0,21.0,0.3554546072547282,2023,teal,0.017728672618751697,10.54115272120673
9,18,18,1173.1930944619007,937.1943030148516,7617.588037760131,0.1386685371398925,1385.442360233099,2701.632121189782,60.0,2023-04-03 21:31:51.390,2460038.3971225694,-8.496675812746062,0.38681236944924535,-0.0730760282195356,2504.2075760629136,,,,0.7202666113947771,2023,teal,0.02088799391104516,11.116176697433175
10,43,43,1121.4008711156275,906.5976504593564,3173.209642485682,0.0808217227458953,1385.4423602330987,2400.12628406264,60.0,2023-04-19 22:12:45.484,2460054.425526435,-8.411201707344693,0.6310019546732519,-0.03562356428302551,2314.6252310949553,,,,0.9644561966188121,2023,teal,0.02216117541315361,11.201650802834545
11,22,22,1166.364015152375,901.4636992537688,5447.798925472617,0.1451640725135803,1385.442360233099,3750.8647082132143,60.0,2023-02-23 21:07:13.544,2459999.3800178706,-9.067601896907997,0.027973799322359397,0.12956014142676245,4236.82727028197,22.0,22.0,22.0,0.3614280412679136,2023,teal,0.017727363009888482,10.545250613271241
12,20,20,1173.2435643728038,937.1878538627936,7498.565738885916,0.1246082782745361,1385.4423602330987,2685.280044030411,60.0,2023-04-03 21:45:04.901,2460038.4063067245,-8.468763081592863,0.4064340331338059,-0.09110095251742345,2440.6484742432117,,,,0.7398882750793518,2023,teal,0.020951496352532562,11.144089428586375
13,42,42,1121.3045299449368,906.4987969809756,3349.248555621152,0.1015178859233856,1385.442360233099,2573.8588951896136,60.0,2023-04-19 22:26:16.000,2460054.4349074075,-8.409261571201865,0.651044112503925,-0.10232342103348616,2310.4928477763433,,,,0.9844983544494426,2023,teal,0.02140018219010584,11.203590938977372
14,22,22,1166.3616328623398,901.4449576110565,5353.147345409075,0.1429475545883178,1385.442360233099,3669.749114687604,60.0,2023-02-23 21:11:14.998,2459999.3828124767,-9.047772350097235,0.0339443889995204,0.13363322434101982,4160.149521405911,22.0,22.0,22.0,0.36739863094510383,2023,teal,0.017922213667001138,10.565080160082003
15,19,19,1173.2544974817736,937.1599918987264,7435.327034067759,0.1507571935653686,1385.4423602330987,2732.4310271266486,60.0,2023-04-03 21:58:29.539,2460038.4156196644,-8.488057475930363,0.4263308413133302,-0.09076994683662082,2484.4084080596294,,,,0.759785083258862,2023,teal,0.020769939607586056,11.124795034248875
16,42,42,1121.3952412919575,906.540006903376,3487.661829524084,0.0974937677383422,1385.4423602330987,2762.7311188847425,60.0,2023-04-19 22:39:23.638,2460054.4440235877,-8.475811975683259,0.6705205499013402,-0.11082719655533116,2456.545374142573,,,,0.0039747918468719945,2023,teal,0.02065572904665454,11.137040534495979
17,24,24,1166.322999298669,901.4919450302024,5373.217244862242,0.140043020248413,1385.442360233099,3722.827742287432,60.0,2023-02-23 21:15:15.454,2459999.3855955326,-9.024988975646357,0.039890301897600046,0.09426535302148753,4073.761413652345,24.0,24.0,24.0,0.37334454384313176,2023,teal,0.01779399101893943,10.58786353453288
18,19,19,1173.187807354612,937.11685788747,7364.955117588823,0.1284703016281128,1385.442360233099,2731.2348757158325,60.0,2023-04-03 22:13:39.061,2460038.4261465394,-8.498600852939344,0.4488211845455794,-0.08149549281062829,2508.6515435377955,,,,0.7822754264911964,2023,teal,0.020774487234239802,11.114251657239894
19,25,25,1166.3974792453964,901.487047417869,5281.668280905297,0.1412428021430969,1385.442360233099,3641.965300804643,60.0,2023-02-23 21:19:15.513,2459999.388373993,-9.031212046923573,0.045826396414259195,0.12499091451229186,4097.17787437425,25.0,25.0,25.0,0.37928063835988723,2023,teal,0.017990446245862223,10.581640463255665
20,20,20,1173.2346575079414,937.0680235037412,7227.428720451781,0.1389132738113403,1385.442360233099,2750.78788955012,60.0,2023-04-03 22:34:12.124,2460038.440418102,-8.507770501509322,0.4793119367394354,-0.08028960115758307,2529.928227029031,,,,0.812766178685024,2023,teal,0.02070052147078596,11.105082008669916
21,24,24,1166.355843502072,901.512994084218,5161.854575594505,0.1248180270195007,1385.442360233099,3530.378095523797,60.0,2023-02-23 21:23:17.272,2459999.3911721297,-8.996996822635053,0.05180452920297458,0.12454673562227138,3970.0751628336575,24.0,24.0,24.0,0.38525877114852847,2023,teal,0.018272552901939694,10.615855687544185
22,20,20,1173.20015495031,937.0902072609376,7110.096208368638,0.1208717823028564,1385.442360233099,2732.375365570497,60.0,2023-04-03 22:46:43.234,2460038.4491115045,-8.481705770564885,0.49788512284099795,-0.09605512457071995,2469.916709456656,,,,0.8313393647865723,2023,teal,0.020770151160011588,11.131146739614353
23,24,24,1166.335754053022,901.5114200201158,5087.512955589278,0.1350305676460266,1385.442360233099,3500.055187297963,60.0,2023-02-23 21:27:21.632,2459999.3940003705,-8.959777473178816,0.057846978408963474,0.09606446295562349,3836.2861091807863,24.0,24.0,24.0,0.39130122035453496,2023,teal,0.018351534806085416,10.653075037000422
24,21,21,1173.21417870423,937.2183170302802,6956.485570591198,0.1340352296829223,1385.4423602330987,2777.5198422587982,60.0,2023-04-03 22:59:22.459,2460038.457898831,-8.487249599781858,0.5166589744134882,-0.10619522650721099,2482.560493481852,,,,0.850113216359091,2023,teal,0.020600665611880908,11.12560291039738
25,24,24,1166.3379670349825,901.5123549106274,4972.890530161926,0.1200640201568603,1385.442360233099,3394.935682408115,60.0,2023-02-23 21:31:25.083,2459999.39681809,-8.953644308388958,0.06386694950067384,0.12363736450604682,3814.6765828485923,24.0,24.0,24.0,0.39732119144628086,2023,teal,0.018633483895701974,10.65920820179028
26,20,20,1173.2555703428136,937.2170848320544,6830.067199497322,0.1246254444122314,1385.442360233099,2779.322068991647,60.0,2023-04-03 23:12:01.555,2460038.466684664,-8.42810882893965,0.5354296354348236,-0.15412798744091563,2350.950752047843,,,,0.8688838773804264,2023,teal,0.020593985369363053,11.184743681239588
27,23,23,1166.3880900772042,901.44934201321,4907.233482587405,0.1316491365432739,1385.442360233099,3413.106191181712,60.0,2023-02-23 21:35:29.144,2459999.3996428703,-8.957809660180173,0.06990200482575108,0.12195144818818116,3829.3394340163686,23.0,23.0,23.0,0.40335624677129545,2023,teal,0.018583817741849286,10.655042849999065
28,20,20,1173.099094961099,937.1517877438235,6697.460770858252,0.1483122110366821,1385.442360233099,2784.272927592933,60.0,2023-04-03 23:26:40.312,2460038.476855463,-8.46529956544295,0.557159232686331,-0.12620808582278653,2432.8751709932226,,,,0.8906134746318912,2023,teal,0.020575667611595974,11.147552944736288
29,24,24,1166.3682172496476,901.4776296359958,4774.707543015167,0.1356177926063537,1385.442360233099,3299.3862519891154,60.0,2023-02-23 21:39:30.340,2459999.4024344906,-8.90723305942559,0.07586621539037097,0.10779669040186451,3655.049170310954,24.0,24.0,24.0,0.4093204573359799,2023,teal,0.01890136886725879,10.705619450753648
30,19,19,1173.2059789200982,937.0402104006276,6696.211993440573,0.1372989416122436,1385.4423602330987,2804.788783791925,60.0,2023-04-03 23:39:18.359,2460038.4856291553,-8.450357768398595,0.5759039554322243,-0.14445482702439516,2399.623505189299,,,,0.9093581973777418,2023,teal,0.020500278299241295,11.162494741780643
31,24,24,1166.2532222172745,901.525230991772,4678.401703147298,0.1408185958862304,1385.4423602330987,3202.111102169916,60.0,2023-02-23 21:43:30.386,2459999.405212801,-8.919540475083265,0.08180198955858374,0.15446240224666752,3696.716875271806,24.0,24.0,24.0,0.41525623150414503,2023,teal,0.019186318058430275,10.693312035095973
32,18,18,1173.2549560418977,937.0699103161512,6730.411909539083,0.1281391382217407,1385.442360233099,2884.305302665318,60.0,2023-04-03 23:52:18.863,2460038.4946627663,-8.505502328717217,0.5952039862919918,-0.12469440785414088,2524.6485608789076,,,,0.928658228237623,2023,teal,0.020215720461765008,11.10735018146202
33,17,17,1166.1324111755916,901.5185649105274,4620.338156482945,0.1676796674728393,1385.4423602330987,3164.3969536523164,60.0,2023-02-23 21:47:30.492,2459999.4079918056,-8.905713850095156,0.0877392470793852,0.15343886888261113,3649.9384429163083,17.0,17.0,17.0,0.4211934890249722,2023,teal,0.019300313301380382,10.707138660084082
34,20,20,1173.106034161602,937.1799819407128,6773.75654914137,0.1373519897460937,1385.4423602330987,2984.4720840524483,60.0,2023-04-04 00:05:10.929,2460038.503598715,-8.544402345666814,0.6142953648568579,-0.12321438226326946,2616.7421998339537,,,,0.9477496068024038,2023,teal,0.019873578625339366,11.068450164512424
35,22,22,1166.3148806603483,901.5156235084348,4545.619808910429,0.1279901266098022,1385.442360233099,3097.9965208410576,60.0,2023-02-23 21:51:32.057,2459999.410787697,-8.907969388173658,0.0937125826003724,0.180611011573218,3657.528806320471,22.0,22.0,22.0,0.4271668245459068,2023,teal,0.019506051880505457,10.70488312200558
