,Unnamed: 0,id,x,y,Aperture Sum,Median Flux Background Subtracted,Aperture Area (pixels),Sum with bkg subtraction,EXP-TIME,OBS-TIME,JulianDate,mag,phase,residualFactor,correctedflux,Unnamed: 0.1,phaseII,year,colour,error
0,26,26,1147.5731666268075,898.3495866052983,3030.353000038496,0.1295247673988342,1385.4423602330987,1714.0387569060686,32.0,2022-03-20 21:31:35.700,2459659.396940972,-8.020855917259947,0.0,-0.057412384852304224,1615.6317041428122,,0.0,2022,black,0.026224035187474914
1,19,19,1153.331684432609,890.1403558143375,4158.434077456015,0.1795254945755005,1385.442360233099,2318.588163581214,32.0,2022-03-22 21:03:07.168,2459661.3771662964,-8.530447446761238,0.2307168335464267,0.11418001494097939,2583.3245947408946,,0.23069021660608247,2022,black,0.022547481050211118
2,19,19,1148.471690278897,885.396455343788,3600.468013483569,0.1285517811775207,1385.4423602330987,1548.7844387944588,32.0,2022-03-24 20:46:19.250,2459663.3655005787,-8.167513314440212,0.47875831458173934,0.1940275550772985,1849.2912967955135,,0.4787049717055485,2022,black,0.02758762726286613
3,26,26,1147.4297002244798,898.340168324914,3103.182067409338,0.1073671877384185,1385.442360233099,1744.257535216457,32.0,2022-03-20 21:33:54.703,2459659.398549803,-8.027992285385906,0.0034372390803736356,-0.06763426117451461,1626.285965524012,,0.0034372174554833036,2022,black,0.02599588062104031
4,19,19,1153.3716565473203,890.0557981797288,4146.336021387488,0.1682047247886657,1385.4423602330987,2351.8850775685205,32.0,2022-03-22 21:06:30.052,2459661.3795144907,-8.553018669733184,0.23573370981041464,0.12147958258985644,2637.5910950908565,,0.2357070613071226,2022,black,0.022387303634000457
5,19,19,1148.5338608156746,885.3003403604291,3617.521118354536,0.1007194519042968,1385.442360233099,1565.2992124699308,32.0,2022-03-24 20:49:09.048,2459663.367465833,-8.143826168181004,0.48295704660741734,0.15593416639009625,1809.3828403175035,,0.4829036773155142,2022,black,0.027441708988754934
6,24,24,1147.3463881544976,898.3398081893322,3187.2249896216667,0.1273785233497619,1385.442360233099,1781.5871581245271,32.0,2022-03-20 21:36:18.132,2459659.4002098613,-8.062914123582162,0.006983924602689762,-0.057332409901508445,1679.4444728996682,,0.006983880664342708,2022,black,0.02572209281708198
7,19,19,1153.449696970073,890.015209133346,4085.562265097768,0.1152381896972656,1385.442360233099,2263.854619427924,32.0,2022-03-22 21:09:22.687,2459661.381512581,-8.507843176275676,0.24000259460772444,0.11760603092240095,2530.0975758041845,,0.23997591924736383,2022,black,0.022818420070692114
8,19,19,1148.499585414606,885.4457645180564,3567.6060346068866,0.1117057800292968,1385.4423602330987,1532.8364974166095,32.0,2022-03-24 20:51:48.902,2459663.3693159954,-8.142128812144021,0.48690988577659233,0.1785708417167653,1806.556400974472,,0.4868564916159741,2022,black,0.027730769536784994
9,26,26,1147.552035309688,898.4595087234652,3210.409950065212,0.1096589565277099,1385.442360233099,1769.0505116924028,32.0,2022-03-20 21:38:38.890,2459659.401839005,-8.05943018196793,0.010464561221868719,-0.053693464910396546,1674.0640601181278,,0.010464495385602022,2022,black,0.02581307368234141
10,18,18,1153.2492048059464,889.9288150310567,4056.677642169168,0.1392466425895691,1385.442360233099,2242.4698030915715,32.0,2022-03-22 21:12:19.835,2459661.3835629052,-8.48559425551162,0.24438307677150561,0.10537871755117384,2478.7783950885946,,0.24435637385197762,2022,black,0.022926963313232632
11,18,18,1148.4489355829965,885.2997159394419,3580.798192719313,0.1184884309768676,1385.442360233099,1552.2962212715868,32.0,2022-03-24 20:54:32.358,2459663.3712078473,-8.171304447606925,0.49095179431268043,0.19549338876188682,1855.759869930241,,0.4908983747229829,2022,black,0.027556403646846243
12,23,23,1147.4788600015363,898.233110942579,3293.1667973338617,0.1071036458015441,1385.442360233099,1804.3566722645287,32.0,2022-03-20 21:41:04.846,2459659.4035283104,-8.072311935378933,0.014073732992030711,-0.06113665384684192,1694.0443429760526,,0.014073644449184144,2022,black,0.025559281601291207
13,19,19,1153.3611067567424,889.79499074079,4054.974463963219,0.1356681585311889,1385.442360233099,2262.438935404186,32.0,2022-03-22 21:15:15.183,2459661.385592396,-8.502457090764507,0.24871904812888257,0.11277143862525586,2517.5774289515084,,0.24869231793022095,2022,black,0.022825558080130245
14,19,19,1148.506737134006,885.3748767613239,3577.816324946501,0.1099488735198974,1385.4423602330987,1565.799394132966,32.0,2022-03-24 20:57:23.346,2459663.373186875,-8.174464303376233,0.4951799528164944,0.1886379737378387,1861.1686191221443,,0.4951265066259527,2022,black,0.027437325625210233
15,21,21,1147.740525145966,898.4130875407699,3314.0086485245884,0.1258984804153442,1385.442360233099,1800.1080286791175,32.0,2022-03-20 21:43:18.993,2459659.4050809373,-8.089061361196046,0.01739089337771175,-0.0442903403706989,1720.3806313848916,,0.01739078396543251,2022,black,0.025589426536009933
16,19,19,1153.3366996574175,890.1206122950215,3866.93534778003,0.1302796602249145,1385.442360233099,2266.2614206421704,32.0,2022-03-22 21:18:06.137,2459661.3875710303,-8.499679385689875,0.2529463659614546,0.10805609908439263,2511.1447892622173,,0.252919609167237,2022,black,0.02280630011187509
17,19,19,1148.4470582807844,885.3910227834069,3531.754943742701,0.0876457691192627,1385.442360233099,1527.141202325721,32.0,2022-03-24 21:00:14.797,2459663.3751712614,-8.136526655018818,0.49941955937237203,0.17687806229029218,1797.2589790367615,,0.4993660865089602,2022,black,0.02778243075165575
18,23,23,1147.5499295571028,898.39746250279,3358.542254657453,0.1082144975662231,1385.442360233099,1803.7177287103884,32.0,2022-03-20 21:45:36.380,2459659.406671065,-8.094153803586844,0.020788173214920037,-0.04171884541543695,1728.4687076132368,,0.02078804242914824,2022,black,0.025563808222050143
19,23,23,1153.2132243446615,890.0110970068721,3851.933236806853,0.1154262423515319,1385.442360233099,2258.5316116679624,32.0,2022-03-22 21:20:58.166,2459661.3895621067,-8.45057955470319,0.2572002659182173,0.06268768633385045,2400.113732915289,,0.25717348236120596,2022,black,0.022845293979288517
20,19,19,1148.5910688932777,885.42220427797,3533.3748188582786,0.1239154338836669,1385.4423602330987,1558.7817742982222,32.0,2022-03-24 21:03:03.784,2459663.3771271296,-8.218105774821119,0.5035982376581156,0.24295953617571975,1937.5026711808837,,0.5035447385051572,2022,black,0.02749901755076869
21,20,20,1147.75636496478,898.325985017164,3433.178604646413,0.1431705951690673,1385.442360233099,1835.0007043094488,32.0,2022-03-20 21:47:51.545,2459659.4082354745,-8.109906994281705,0.02413050697866189,-0.044289048913075967,1753.7302683607588,,0.024130355165082776,2022,black,0.025344966421933783
22,20,20,1153.281126887582,889.9592565626589,3838.007661018587,0.1104950308799743,1385.442360233099,2265.165101598985,32.0,2022-03-22 21:23:51.426,2459661.3915674305,-8.453515944474299,0.2614846051381168,0.062445143731927125,2406.613661944879,,0.26145779462680707,2022,black,0.022811818463832824
23,17,17,1148.3553617714042,885.4330466850984,3482.125706156556,0.1039255857467651,1385.442360233099,1525.6986762781676,32.0,2022-03-24 21:05:37.271,2459663.3789035995,-8.16104570519563,0.5073936345240728,0.2048958613693648,1838.3080207442824,,0.5073401114929279,2022,black,0.027795561592002707
24,23,23,1147.5030648176955,898.3196220300716,3582.594545920429,0.1329575777053833,1385.442360233099,1885.67180711419,32.0,2022-03-20 21:54:40.254,2459659.4129659026,-8.09003556524942,0.03423698403585943,-0.08683739539034237,1721.9249788233935,,0.03423676863884812,2022,black,0.02500211703968386
25,28,28,1153.280135478236,889.8740499672069,3801.7317650482887,0.1348153948783874,1385.4423602330987,2264.1620793065777,32.0,2022-03-22 21:26:44.563,2459661.393571331,-8.469805116352763,0.2657659040132607,0.07898283082430904,2442.9920097752647,,0.26573906656678137,2022,black,0.02281687071454826
26,20,20,1148.4441336923917,885.2899378971122,3474.89986055407,0.1103880405426025,1385.4423602330987,1534.2272140897878,32.0,2022-03-24 21:08:22.306,2459663.3808137267,-8.125481270683467,0.5114745880111702,0.1595856340185987,1779.067836778895,,0.5114210393052971,2022,black,0.02771819826092574
27,23,23,1147.628452007427,898.2945967649085,3626.950910689071,0.1280194520950317,1385.4423602330987,1910.5316475797772,32.0,2022-03-20 21:56:59.300,2459659.4145752313,-8.115865174599111,0.03767528663997124,-0.07702097053866434,1763.3806458383494,,0.037675049611378596,2022,black,0.02483892063252766
28,22,22,1153.231508690871,889.9720389203133,3806.876556422488,0.1182821393013,1385.442360233099,2265.1867666254257,32.0,2022-03-22 21:29:37.815,2459661.3955765627,-8.462561830920462,0.270050046247472,0.07132370994380463,2426.7482905367624,,0.27002318184793417,2022,black,0.022811709373527517
29,19,19,1148.4909824064207,885.3984261825461,3448.191289752497,0.0991592407226562,1385.4423602330987,1531.0630151968498,32.0,2022-03-24 21:11:09.529,2459663.3827491784,-8.143399365458215,0.51560964690049,0.18131761661724374,1808.6717120031533,,0.5155560721794963,2022,black,0.027746825634001396
30,25,25,1147.615855463211,898.2505253433212,3686.669174508954,0.1458852887153625,1385.442360233099,1962.944164986798,32.0,2022-03-20 21:59:20.417,2459659.4162085303,-8.170244900642022,0.04116480154337795,-0.05552598508965503,1853.9497565499157,,0.041164542561009224,2022,black,0.024505065325467004
31,20,20,1153.2152070566176,889.9498870817501,3772.65307292558,0.1317802667617797,1385.4423602330987,2249.863836233859,32.0,2022-03-22 21:32:25.169,2459661.39751353,-8.470032182175194,0.2741883434621126,0.08606704985594744,2443.5029791960915,,0.2741614530270793,2022,black,0.022889258312025554
32,22,22,1148.3835982638163,885.4487531125552,3423.9876790136664,0.089546263217926,1385.442360233099,1530.37338736835,32.0,2022-03-24 21:13:56.849,2459663.3846857524,-8.130003282367857,0.5197471034438887,0.16735758114066066,1786.4929757203563,,0.5196935026926877,2022,black,0.027753076666614546
33,24,24,1147.6122487303824,898.2495298513877,3711.562226749622,0.1172468066215515,1385.4423602330985,1975.9642025586677,32.0,2022-03-20 22:01:41.561,2459659.4178421414,-8.136071065954846,0.04465498301451578,-0.09082108794281815,1796.5049839462263,,0.04465470207417736,2022,black,0.024424197414870313
34,25,25,1153.2174839320005,889.9474619085829,3718.363327956522,0.1114515662193298,1385.442360233099,2219.5575346516457,32.0,2022-03-22 21:35:16.669,2459661.3994984836,-8.434312987667848,0.27842916177843335,0.06526777100656089,2364.423107559176,,0.2784022446629075,2022,black,0.023044995850107948
35,22,22,1148.3998823212055,885.3595035818573,3428.1695057698016,0.0935347080230712,1385.442360233099,1538.1401249787318,32.0,2022-03-24 21:16:46.180,2459663.386645602,-8.112808203434671,0.5239342879297819,0.14321359330232217,1758.422699279419,,0.523880660835518,2022,black,0.027682919321230754
36,19,19,1147.5090036987172,898.2412996250642,4239.643134064589,0.157021939754486,1385.4423602330987,2385.4686423319663,32.0,2022-03-20 22:20:18.234,2459659.4307665974,-8.362982394635232,0.07226785769870314,-0.07184769863619,2214.0782102116177,,0.07226740303597509,2022,black,0.0222291564182622
37,24,24,1153.3182062617302,890.0216959303636,3703.589365908652,0.1324705481529235,1385.442360233099,2247.7279341985704,32.0,2022-03-22 21:38:11.562,2459661.401522708,-8.463992000790627,0.28275388206943486,0.08106811234787005,2429.946994895626,,0.2827269377455597,2022,black,0.02290013098125527
38,25,25,1148.4466525286905,885.3053901111118,3405.981820776736,0.0835232734680175,1385.442360233099,1529.8728308363802,32.0,2022-03-24 21:19:32.478,2459663.3885703473,-8.166502217236895,0.5280464726022753,0.20766242758115488,1847.5699367783166,,0.5279928196367987,2022,black,0.02775761653665795
39,23,23,1147.5455571766872,898.174142092149,4299.456218511598,0.132632315158844,1385.442360233099,2435.319502957326,32.0,2022-03-20 22:22:36.014,2459659.432361273,-8.362419838547087,0.07567485450162775,-0.09131786732275796,2212.931319697744,,0.07567437840427425,2022,black,0.02200046521841965
40,31,31,1153.1964275174437,889.8273365340796,3700.5152586358217,0.1286326646804809,1385.442360233099,2272.287996470223,32.0,2022-03-22 21:41:04.558,2459661.4035249767,-8.429600680220881,0.2870316938999551,0.036040893605083335,2354.183286391114,,0.28700472266284827,2022,black,0.022776036529391613
41,22,22,1148.4471271245186,885.2406673127253,3383.5566089079684,0.0878487825393676,1385.442360233099,1520.2819334441665,32.0,2022-03-24 21:22:17.379,2459663.3904789235,-8.140128187795716,0.5321241121533831,0.1861159352287748,1803.2306272985377,,0.5320704335340309,2022,black,0.02784503515743562
42,22,22,1147.4724154836076,898.2715985953124,4389.26616696266,0.1296156644821167,1385.442360233099,2499.66933392462,32.0,2022-03-20 22:24:53.143,2459659.4339484144,-8.40765526544191,0.0790657541912842,-0.07704708906174351,2307.077088128821,,0.07906525676057792,2022,black,0.02171543615910046
43,32,32,1153.310416070892,889.9953324378547,3676.6142272920456,0.1496320962905883,1385.442360233099,2277.151638439349,32.0,2022-03-22 21:43:54.825,2459661.40549566,-8.416363620541045,0.29124202420415557,0.021300386856716973,2325.655849269514,,0.2912150264783673,2022,black,0.022751700490937513
44,20,20,1148.4594394590013,885.3690192129919,3385.6795463856506,0.0965151786804199,1385.442360233099,1540.8267147251065,32.0,2022-03-24 21:24:55.810,2459663.3923126156,-8.127729926099633,0.5360417635104948,0.15701281935926256,1782.7562613481657,,0.5359880602438061,2022,black,0.027658774784447494
45,29,29,1147.5360650218695,898.2797043982042,4493.847091801965,0.1401061415672302,1385.442360233099,2594.2851446842847,32.0,2022-03-20 22:27:09.174,2459659.4355228473,-8.399952815301134,0.08242950268698508,-0.11699448248259946,2290.768096769651,,0.08242898409374382,2022,black,0.021315767934681252
46,30,30,1153.2812237239734,889.9054240691258,3646.6382027720088,0.118393450975418,1385.442360233099,2277.4069280049694,32.0,2022-03-22 21:46:52.689,2459661.4075542707,-8.40608528883851,0.29564021020789966,0.0115642631837434,2303.7434610968994,,0.29561318481156373,2022,black,0.02275042526110374
47,22,22,1148.5369794717844,885.3517145832549,3341.826640374469,0.095341145992279,1385.442360233099,1512.3412278724566,32.0,2022-03-24 21:27:25.337,2459663.3940432523,-8.087319898407094,0.5397392385921194,0.13573802856948317,1717.6234446682154,,0.5396855120633042,2022,black,0.02791804108425721
48,22,22,1147.5877305390147,898.3540898472,4578.263874958651,0.1450493335723877,1385.442360233099,2673.7498423782545,32.0,2022-03-20 22:29:30.834,2459659.4371624305,-8.44802054664674,0.08593244345834937,-0.1044549315364159,2394.463485647131,,0.08593190282686512,2022,black,0.020996623068174066
49,22,22,1153.2526963718692,890.3215339986507,3655.0216151133145,0.1471531093120575,1385.4423602330987,2299.101960285317,32.0,2022-03-22 21:49:48.369,2459661.409587604,-8.448248745654979,0.2999843912920195,0.04169664763866701,2394.9668046087027,,0.2999573385648988,2022,black,0.02264283083561347
50,22,22,1148.4043238632623,885.2624015650111,3224.845925803663,0.1100377440452575,1385.442360233099,1522.1678575496508,32.0,2022-03-24 21:30:00.655,2459663.3958409145,-8.095947667320173,0.5435799123199327,0.1374086320550536,1731.3268606137199,,0.543526161628078,2022,black,0.027827780194857498
51,28,28,1147.634700725829,898.3727837748398,4657.733940214863,0.1424397826194763,1385.442360233099,2745.4657583390235,32.0,2022-03-20 22:31:49.716,2459659.438769861,-8.488012884638579,0.08936669094295062,-0.0951238901036835,2484.306375259356,,0.08936612870539723,2022,black,0.020720575909769785
52,31,31,1153.2608676483585,889.954755889769,3620.812122938168,0.1267659068107605,1385.4423602330987,2280.2715721688646,32.0,2022-03-22 21:52:35.167,2459661.4115181365,-8.399096007720829,0.30410894029848645,0.0038107217525212025,2288.961052650584,,0.3040818616223646,2022,black,0.022736130394862115
53,24,24,1148.5201705323775,885.3294410609449,3201.3833590204404,0.110430359840393,1385.442360233099,1512.9755679916343,32.0,2022-03-24 21:32:35.330,2459663.3976311344,-8.113848092714086,0.5474046859201671,0.16334177089520216,1760.107676588562,,0.547350911165303,2022,black,0.027912187919630335
54,2,2,1147.55155521924,898.5575383553381,4703.783353121284,0.1427931785583496,1385.4423602330987,2761.5254414384217,32.0,2022-03-20 22:34:06.627,2459659.440354479,-8.478037091469904,0.09275219939300261,-0.10861404288634038,2461.584998710309,,0.09275161585601463,2022,black,0.02066023768318403
55,29,29,1153.2253077814366,889.9114619368918,3595.5771128563238,0.1298688054084777,1385.442360233099,2286.4144415176465,32.0,2022-03-22 21:55:24.887,2459661.4134824886,-8.393168738605995,0.30830574425213086,-0.004336604881015636,2276.4991654905366,,0.3082786391724266,2022,black,0.022705567472600555
56,23,23,1148.4299781560965,885.2065300071414,3193.535041237314,0.0958626270294189,1385.442360233099,1515.4940275700765,32.0,2022-03-24 21:35:13.924,2459663.399466713,-8.124670119528167,0.5513263675248581,0.17304269307823267,1777.73919544478,,0.5512725680973052,2022,black,0.027888985932514695
57,30,30,1147.5050553256349,898.2602523265023,4811.1055571026645,0.1444706320762634,1385.442360233099,2880.060360005892,32.0,2022-03-20 22:36:25.398,2459659.441960625,-8.557229752978142,0.0961837020113797,-0.08063003540885648,2647.840991198973,,0.09618309688559151,2022,black,0.02023061302755375
58,23,23,1153.2642322957297,889.9179742231788,3606.772568812067,0.1343097686767578,1385.4423602330987,2294.064624443018,32.0,2022-03-22 21:58:25.614,2459661.4155742363,-8.40209670840614,0.3127747267130614,0.00053672788882338,2295.29591290572,,0.312747593517404,2022,black,0.022667676909571145
59,25,25,1148.3560385982266,885.2985281737064,3179.006367351228,0.0980315208435058,1385.442360233099,1511.0744851903744,32.0,2022-03-24 21:37:48.416,2459663.4012548146,-8.121452085693527,0.5551466154286615,0.1729917613103163,1772.4779218545366,,0.5550927919665725,2022,black,0.02792974056235253
60,26,26,1147.5969077264242,898.3285246324153,4892.453947894532,0.1505034565925598,1385.4423602330987,2944.097674429783,32.0,2022-03-20 22:38:47.233,2459659.4436022337,-8.548722285544056,0.09969097049861027,-0.10764697540861107,2627.174464469891,,0.09969034330735191,2022,black,0.020009384547189195
61,33,33,1153.2567058518289,889.9300522031125,3563.9049661819163,0.1273326277732849,1385.4423602330987,2243.4389087350373,32.0,2022-03-22 22:01:23.452,2459661.4176325463,-8.4043085843756,0.3171722700261279,0.025201389257390853,2299.976685949245,,0.317145109163965,2022,black,0.022922010860675992
62,22,22,1148.4396368331695,885.2449012784741,3160.523816864933,0.0856484770774841,1385.4423602330987,1503.9412346249364,32.0,2022-03-24 21:40:26.189,2459663.4030808914,-8.108494220545664,0.5590479965638693,0.16457327983849784,1751.4497762915219,,0.558994148556808,2022,black,0.027995898119905126
63,23,23,1147.5485781373086,898.3592817086422,4920.382836569291,0.1539078950881958,1385.442360233099,2962.995745565143,32.0,2022-03-20 22:41:04.236,2459659.4451879165,-8.551971048217741,0.103078754232843,-0.11068136772927853,2635.0473238699597,,0.10307810572783543,2022,black,0.019945472263721505
64,33,33,1153.2580473796677,889.8893658998221,3565.631105036656,0.1335948407649994,1385.442360233099,2268.064107467855,32.0,2022-03-22 22:04:13.299,2459661.419598368,-8.373036036910879,0.321372213812249,-0.014721312002203751,2234.675228100821,,0.3213450265267497,2022,black,0.022797234938391343
65,22,22,1148.49143793678,885.227720015539,3150.451983343538,0.1010284423828125,1385.442360233099,1514.6567972041075,32.0,2022-03-24 21:43:07.153,2459663.4049439006,-8.15140167466897,0.5630282834004081,0.2029468291356501,1822.0515914254408,,0.5629744103519503,2022,black,0.027896692721342622
66,23,23,1147.6244040409506,898.2117409073904,5009.734149788743,0.1910250186920166,1385.442360233099,3048.624406492385,32.0,2022-03-20 22:43:21.217,2459659.446773345,-8.589789749181561,0.10646599476411872,-0.10502278777427511,2728.44937244586,,0.10646532494877943,2022,black,0.01966336662518133
67,33,33,1153.232062547822,889.8560446517083,3416.0176650568264,0.1344603896141052,1385.4423602330987,2287.793319246317,32.0,2022-03-22 22:07:04.871,2459661.421584155,-8.401673082209673,0.3256148129587757,0.0028880245307360128,2294.4005224735547,,0.3255875989815813,2022,black,0.022698723995982443
68,22,22,1148.584919747805,885.5049425395423,3139.465021245659,0.0930447578430175,1385.4423602330987,1517.7250771369156,32.0,2022-03-24 21:45:40.401,2459663.406717604,-8.098056420061916,0.5668177697008581,0.14295585849306225,1734.6927684954724,,0.5667638728113982,2022,black,0.02786848004704239
69,23,23,1147.5781492672954,898.3285804774345,5092.936450841238,0.1704365015029907,1385.442360233099,3124.747061885701,32.0,2022-03-20 22:45:39.886,2459659.44837831,-8.601255364677007,0.10989497437388962,-0.11755575020053721,2757.415076838803,,0.10989428298562326,2022,black,0.019422378066827433
70,29,29,1153.2339631178456,889.9767968240968,3375.3634406536607,0.1213802993297576,1385.4423602330987,2262.704661831656,32.0,2022-03-22 22:09:55.703,2459661.4235613775,-8.3956175820758,0.32983911432364543,0.008368246290351806,2281.6395317241904,,0.32981187376987187,2022,black,0.022824217752293506
71,24,24,1148.428821536974,885.2620436160765,3114.832933404775,0.0930656194686889,1385.442360233099,1509.308162412678,32.0,2022-03-24 21:48:11.659,2459663.4084682753,-8.108700860669972,0.570558048379592,0.16065306747458957,1751.7831484687108,,0.5705041279587117,2022,black,0.02794607868109531
72,23,23,1147.5640776073596,898.1671443507444,5119.015822249729,0.161791980266571,1385.4423602330987,3141.3578655373794,32.0,2022-03-20 22:48:01.228,2459659.450014213,-8.602184573750161,0.11339005263065823,-0.12147036650511087,2759.775974286841,,0.11338933925361476,2022,black,0.019370959390390154
73,34,34,1153.2492509255237,889.9488085184497,3345.4037682031767,0.1214878559112548,1385.442360233099,2248.6681225725424,32.0,2022-03-22 22:12:49.485,2459661.425572743,-8.353989602392558,0.3341363620753528,-0.023503979758929868,2195.815472535047,,0.3341090944860694,2022,black,0.02289534310533823
74,31,31,1148.4209590625003,885.3891308301177,3112.1002056653533,0.1025508046150207,1385.442360233099,1541.5153506306017,32.0,2022-03-24 21:52:43.062,2459663.4116095137,-8.095707890964004,0.5772692492822831,0.12288505730064678,1730.9445528226697,,0.5772152866388573,2022,black,0.027652596139172595
75,10,10,1147.7700232365405,898.9455986598119,5175.428130363046,0.1749374866485595,1385.442360233099,3163.440762759817,32.0,2022-03-20 22:50:17.149,2459659.4515873725,-8.639988461414633,0.116751080137188,-0.09669237106236371,2857.560174693238,,0.11675034561472825,2022,black,0.019303229965678292
76,36,36,1153.2338842925335,889.9303555893741,3320.353219582309,0.1199015378952026,1385.442360233099,2235.573332577812,32.0,2022-03-22 22:15:39.787,2459661.427543831,-8.350250753405717,0.33834755692784846,-0.021160737938188987,2188.266951145529,,0.3383202628444444,2022,black,0.022962299522164466
77,31,31,1148.445268324122,885.4215136313603,3109.785331591137,0.1022055745124816,1385.442360233099,1553.9718419384044,32.0,2022-03-24 21:55:16.210,2459663.4133820604,-8.096667125397069,0.5810562643077422,0.11486865449827935,1732.4744965500818,,0.581002277838861,2022,black,0.027541542845608315
78,27,27,1147.590142944106,898.3118845892127,5228.430007568757,0.1633904576301574,1385.442360233099,3207.690195560048,32.0,2022-03-20 22:52:33.382,2459659.4531641435,-8.635779062300616,0.12011982391136351,-0.11260044168719084,2846.502862744315,,0.12011906819494168,2022,black,0.019169625541611005
79,36,36,1153.243306906988,889.8622099304799,3282.77199255695,0.140760064125061,1385.4423602330987,2231.5239703954567,32.0,2022-03-22 22:18:35.481,2459661.4295773264,-8.36350589851222,0.34269208422923736,-0.007339357415310646,2215.146018395891,,0.3426647628128707,2022,black,0.022983123973251626
80,33,33,1148.4019329050836,885.3195875876739,3083.0379344562366,0.0986997485160827,1385.442360233099,1535.2425985217103,32.0,2022-03-24 21:57:48.184,2459663.4151410186,-8.079319276702561,0.584814247821317,0.11058217415947627,1705.0130629284852,,0.584760237709629,2022,black,0.027709030562556393
81,29,29,1147.5882942004655,898.2317263722748,5251.4273020409,0.1770786643028259,1385.442360233099,3227.538099767765,32.0,2022-03-20 22:54:50.848,2459659.454755185,-8.67297178322502,0.12351905669253628,-0.08732251778139052,2945.7013466606786,,0.12351827959033523,2022,black,0.01911059236748451
82,33,33,1153.2306150676638,889.8153122663118,3270.7781805917693,0.1257118582725525,1385.442360233099,2221.2006449701857,32.0,2022-03-22 22:21:24.485,2459661.431533391,-8.371449710316737,0.34687118235316383,0.0045975003759602786,2231.412615770519,,0.34684383464460833,2022,black,0.023036470623943196
83,33,33,1148.3520587946682,885.3499030629921,3055.1163395779017,0.0898059010505676,1385.442360233099,1513.0515594512267,32.0,2022-03-24 22:00:27.539,2459663.416985405,-8.062848493089218,0.5887547475284478,0.10990464704019398,1679.342957046329,,0.5887007126256787,2022,black,0.027911486980352944
84,23,23,1147.530110007889,898.3270509815368,5236.938962268519,0.1503381729125976,1385.442360233099,3214.3783703043764,32.0,2022-03-20 22:57:12.048,2459659.4563894444,-8.625817600064714,0.12701062303275132,-0.12253451409774246,2820.506078572836,,0.1270098239638679,2022,black,0.019149671984217808
85,36,36,1153.2146005237985,889.8588047128068,3248.947070299865,0.1142247915267944,1385.4423602330987,2198.8780256622376,32.0,2022-03-22 22:24:08.763,2459661.433434757,-8.378573883189688,0.3509334172255425,0.02147658074084908,2246.102407119651,,0.350906043960026,2022,black,0.02315310643475595
86,31,31,1148.4438475616284,885.320193623374,3044.7635036770707,0.0877742171287536,1385.442360233099,1520.4199688166725,32.0,2022-03-24 22:03:00.038,2459663.41875044,-8.07556246615757,0.5925257131947443,0.1175357408913958,1699.1236563176128,,0.5924716545674915,2022,black,0.027843771135941216
87,27,27,1147.6579782861104,898.2767450855499,5277.511050400609,0.1514828205108642,1385.4423602330987,3244.761720967133,32.0,2022-03-20 22:59:30.308,2459659.457989676,-8.651054219681438,0.13042948971567608,-0.110309654213907,2886.8331775207266,,0.13042866913748957,2022,black,0.01905980411352911
88,37,37,1153.280203970356,889.8252096511728,3211.985494574982,0.1277045309543609,1385.442360233099,2191.483004685117,32.0,2022-03-22 22:27:05.415,2459661.43547934,-8.362969014942996,0.35530163354819333,0.010298013365443266,2214.0509259575065,,0.3552742328006797,2022,black,0.023192137882811954
89,32,32,1148.3839133442552,885.3334967535312,2847.2681339000114,0.1068105697631836,1385.442360233099,1541.6909514671793,32.0,2022-03-24 22:05:45.519,2459663.4206657293,-8.093682132314958,0.5966176958905987,0.12066428003536217,1727.7179801629989,,0.5965636115192314,2022,black,0.02765102125891205
90,22,22,1147.513496899152,898.0126251097598,5298.554301000506,0.1709499359130859,1385.4423602330987,3277.4579963133256,32.0,2022-03-20 23:01:46.051,2459659.4595607757,-8.659825089674515,0.1337861168803032,-0.11204102467671341,2910.2482440714925,,0.13378527518438452,2022,black,0.01896449447956934
91,34,34,1153.289301299477,889.8485347398467,3195.07604876075,0.1190836727619171,1385.442360233099,2184.139982505388,32.0,2022-03-22 22:29:57.628,2459661.4374725465,-8.350462195707705,0.3595600840733182,0.002084649079988471,2188.6931479104837,,0.3595326565343804,2022,black,0.0232310908546833
92,34,34,1148.4418413693008,885.3633879535746,2842.576593151134,0.0973691344261169,1385.4423602330987,1556.0656994747192,32.0,2022-03-24 22:08:28.445,2459663.4225514466,-8.079086927975036,0.6006464979143136,0.09548602471918369,1704.6482273194363,,0.6005923881963238,2022,black,0.027523006520370465
93,18,18,1147.6534141483012,898.3128493631842,5304.669802088589,0.1741081476211547,1385.4423602330987,3220.7627410595305,32.0,2022-03-20 23:10:13.596,2459659.465435139,-8.64243009356799,0.1463365913853688,-0.11077164244762908,2863.9935622982384,,0.14633567072996304,2022,black,0.019130682809501105
94,38,38,1153.2554040772172,889.8425956476128,3169.144430547019,0.1099776923656463,1385.442360233099,2176.4157509519946,32.0,2022-03-22 22:32:50.607,2459661.439474618,-8.343143946156577,0.36383747507077846,-0.0011144786016490595,2173.9901821692665,,0.36381002062125667,2022,black,0.023272278618073485
95,35,35,1148.3299180731626,885.3709021401497,2813.4919209684485,0.1020628213882446,1385.442360233099,1552.7106819781477,32.0,2022-03-24 22:11:00.258,2459663.4243085417,-8.091261521862034,0.604400500924168,0.1102328364824143,1723.8703846891428,,0.6043463675884144,2022,black,0.02755272562462774
96,23,23,1147.4692642250498,898.2306857247366,5256.267904996574,0.1515400409698486,1385.4423602330987,3187.947427260553,32.0,2022-03-20 23:12:36.547,2459659.467089664,-8.63367453265192,0.1498714557766681,-0.10883389034115938,2840.990706548697,,0.14987051288217657,2022,black,0.01922889209855985
97,37,37,1153.2585002638973,889.8794286790094,3166.669517531794,0.1153781712055206,1385.442360233099,2169.1938782126035,32.0,2022-03-22 22:35:44.741,2459661.441490058,-8.342117793380506,0.3681434270032016,0.0012643357924524631,2171.9364676735963,,0.3681159454634093,2022,black,0.023310986494922015
98,35,35,1148.4213723029072,885.3279932530658,2794.890507389696,0.1131202280521392,1385.442360233099,1563.389522448464,32.0,2022-03-24 22:13:40.792,2459663.426166574,-8.078402445350372,0.6083701545130786,0.08966695573695417,1703.5739015574686,,0.6083159962028262,2022,black,0.02745846398280333
99,22,22,1147.5462430385314,898.2437317864648,5249.13009051936,0.1549020409584045,1385.442360233099,3186.231654195368,32.0,2022-03-20 23:14:55.776,2459659.468701111,-8.63774778439879,0.15331428407721112,-0.10500261608328249,2851.6689950574896,,0.15331331952266547,2022,black,0.01923406874268694
100,35,35,1153.2389794600206,889.8733008773636,3130.670853585461,0.1245536208152771,1385.442360233099,2143.979922933315,32.0,2022-03-22 22:39:01.661,2459661.4437692245,-8.339581956974497,0.3730128266489938,0.010676269478000712,2166.869630345974,,0.37298531447408134,2022,black,0.02344765852709439
101,31,31,1148.3680902073988,885.308606337542,2755.503309902274,0.0868380069732666,1385.442360233099,1544.2714978038498,32.0,2022-03-24 22:16:18.518,2459663.4279921064,-8.060994782368308,0.6122703726368286,0.08561105474494413,1676.4782095433923,,0.6122161897889189,2022,black,0.02762790855629298
102,22,22,1147.5487195335872,898.2629687432627,5261.687912136584,0.1676953434944152,1385.4423602330987,3172.1609508913234,32.0,2022-03-20 23:17:15.866,2459659.4703225233,-8.647299319893614,0.15677840275006183,-0.09308932628601428,2876.8666251020477,,0.1567774164015168,2022,black,0.01927667966748759
103,35,35,1153.2536476438722,889.8842424724793,3112.968637615289,0.1229855418205261,1385.442360233099,2134.7254768869884,32.0,2022-03-22 22:41:48.759,2459661.445703229,-8.286036077068216,0.37714479345994345,-0.033788065280791424,2062.5972331173625,,0.37711725528936135,2022,black,0.02349842861969355
104,34,34,1148.4128859268576,885.3474701166291,2747.004848761926,0.0911585986614227,1385.442360233099,1545.093127738385,32.0,2022-03-24 22:19:01.509,2459663.429878576,-8.084182262841944,0.6163007823821154,0.10845545310000025,1712.6669029889479,,0.6162465741774703,2022,black,0.027620561770891623
105,18,18,1147.5666536699778,898.4170229182176,5287.9405882582905,0.1802579164505005,1385.442360233099,3191.5867550598514,32.0,2022-03-20 23:19:43.174,2459659.472027477,-8.639137268776786,0.16042100637401016,-0.10536012047225096,2855.3207900491047,,0.1604199971085536,2022,black,0.01921792573484734
106,38,38,1153.2320273547898,889.9108813968209,3113.7139514297905,0.1102820634841919,1385.442360233099,2135.9299288280363,32.0,2022-03-22 22:44:44.082,2459661.4477324304,-8.306190487446957,0.38148014699857224,-0.01623992344628948,2101.2425902972304,,0.3814525815527441,2022,black,0.02349180229766715
107,33,33,1148.4390531969268,885.3455550176236,2720.0785176420063,0.1033533215522766,1385.4423602330987,1543.295112484884,32.0,2022-03-24 22:21:38.136,2459663.431691389,-8.073262927035312,0.6201738254348559,0.09864198066115713,1695.5287991250761,,0.6201195928635226,2022,black,0.027636646748633205
108,20,20,1147.4208781938669,898.3324403990831,5284.38312772284,0.1680761575698852,1385.442360233099,3181.2412346070987,32.0,2022-03-20 23:22:04.727,2459659.473665822,-8.61903638628716,0.16392130176687136,-0.11891470829149091,2802.9448611889334,,0.16392027047981483,2022,black,0.01924914909221867
109,34,34,1153.0959369978852,889.948074279665,3089.894721407487,0.1113583445549011,1385.442360233099,2123.8019575363064,32.0,2022-03-22 22:51:19.276,2459661.452306435,-8.29116991565625,0.391252427887804,-0.024215422957870287,2072.373194855812,,0.3912248009610897,2022,black,0.023558781781892323
110,37,37,1148.3915830172746,885.352816528557,2748.9631686967896,0.0990494489669799,1385.4423602330987,1583.412214458894,32.0,2022-03-24 22:24:16.242,2459663.4335213196,-8.074457708437944,0.6240834401738589,0.07198594827058964,1697.3956442199515,,0.6240291830057512,2022,black,0.027284301655110362
111,22,22,1147.4785857394124,898.3632936412268,5246.6344497183145,0.1585295796394348,1385.442360233099,3150.8551998084554,32.0,2022-03-20 23:24:26.204,2459659.475303287,-8.62474519856877,0.16741971783668166,-0.10572799768594278,2817.721588534366,,0.16741866453984866,2022,black,0.019341743303489586
112,39,39,1153.2281428091978,889.849479906471,3066.887202074168,0.1247062087059021,1385.442360233099,2113.391173472693,32.0,2022-03-22 22:54:47.698,2459661.4547187267,-8.29069834356545,0.3964062470100824,-0.01983441860053379,2071.4732882713624,,0.39637858765886413,2022,black,0.023616736997189414
113,37,37,1148.3522943816693,885.3604784591178,2726.537404481,0.1163408756256103,1385.4423602330987,1572.1811626508502,32.0,2022-03-24 22:26:55.599,2459663.435365729,-8.099517581037198,0.6280239886299714,0.10485285946718918,1737.028853155242,,0.627969706670477,2022,black,0.02738158245899174
114,21,21,1147.4708742692223,898.2976383974161,5245.43990949985,0.1501853466033935,1385.442360233099,3147.866882902072,32.0,2022-03-20 23:26:49.829,2459659.476965613,-8.62135773839063,0.1709712484110136,-0.10766744688144143,2808.9440924973646,,0.17097017277024196,2022,black,0.019350921828145382
115,34,34,1153.2235953452123,889.9879637175873,3082.450234803443,0.1291210353374481,1385.442360233099,2136.9650516963984,32.0,2022-03-22 22:58:00.888,2459661.4569547223,-8.284586766160654,0.4011834125845528,-0.03608822235518175,2059.8457817455264,,0.40115572317849146,2022,black,0.02348611202042494
116,33,33,1148.40623231798,885.5801579816991,2711.658848958047,0.0976034700870513,1385.4423602330987,1570.2062052174322,32.0,2022-03-24 22:29:30.152,2459663.437154537,-8.054909753394142,0.6318457457625026,0.061713188278276786,1667.1086363957343,,0.6317914397589792,2022,black,0.0273987969070296
117,22,22,1147.4171569272437,898.3545541650867,5245.044488849208,0.1619263887405395,1385.4423602330987,3144.513489644797,32.0,2022-03-20 23:29:11.994,2459659.478611042,-8.625712926313273,0.17448667787600305,-0.10312543375327322,2820.2341720821587,,0.1744855801184176,2022,black,0.0193612372489206
118,33,33,1153.2542106086703,889.9407869786448,3029.264725451602,0.1310721039772033,1385.442360233099,2100.634907606176,32.0,2022-03-22 23:01:05.292,2459661.4590890277,-8.270381562419471,0.4057433188635189,-0.032163388158733146,2033.0713716930543,,0.40571560076946955,2022,black,0.023688335683898974
119,37,37,1148.4019177039506,885.3168532789766,2712.5754872746384,0.1098572015762329,1385.442360233099,1586.613305104165,32.0,2022-03-24 22:32:04.756,2459663.438943935,-8.07931558945658,0.6356687634044604,0.07462055630955051,1705.0072725791724,,0.6356144333489766,2022,black,0.02725676387377744
120,18,18,1147.6247062395896,898.4823115254169,5231.299017904867,0.1854783296585083,1385.4423602330987,3112.263265782261,32.0,2022-03-20 23:31:35.892,2459659.480276528,-8.585228310678595,0.1780449596870864,-0.12699848473587105,2717.0105469288005,,0.1780438395430879,2022,black,0.019461292247872367
121,38,38,1153.1892700468002,889.9748013495185,3043.7061537049744,0.1285947561264038,1385.442360233099,2131.208434703658,32.0,2022-03-22 23:04:09.213,2459661.461217743,-8.291128594508457,0.41029128164157047,-0.027643522870487623,2072.2943255971513,,0.41026353493467393,2022,black,0.023517809853151054
122,31,31,1148.412301240456,885.7634795670907,2687.573590715995,0.103838711977005,1385.4423602330987,1579.5709349384438,32.0,2022-03-24 22:34:40.374,2459663.4407450696,-8.056111037728542,0.6395168559316353,0.05658704454366148,1668.9541857936786,,0.6394625016664346,2022,black,0.02731745717403034
123,20,20,1147.5830863278652,898.2702646658593,5208.149986865785,0.1296982765197754,1385.4423602330987,3073.274960322942,32.0,2022-03-20 23:33:58.528,2459659.4819274074,-8.599461599248059,0.1815720351847036,-0.10425741412469361,2752.863260065502,,0.18157089285062197,2022,black,0.019584348515078412
124,33,33,1153.2696755506984,889.8493894419042,3034.208946582143,0.1264986097812652,1385.4423602330987,2123.204830331697,32.0,2022-03-22 23:07:12.660,2459661.463340972,-8.302888069847983,0.414827523771204,-0.013349513444259048,2094.861078904268,,0.4147997485251995,2022,black,0.023562094368685685
125,36,36,1148.3752589701494,885.2829243528782,2693.0673776199574,0.0923070311546325,1385.442360233099,1585.498921171431,32.0,2022-03-24 22:37:13.721,2459663.442519919,-8.097065969883344,0.6433087906249,0.09310136619611999,1733.1110368349655,,0.6432544125032944,2022,black,0.027266341037133587
126,18,18,1147.540486845246,898.4287771783481,5196.348701380249,0.1613860130310058,1385.442360233099,3071.5506006118926,32.0,2022-03-20 23:36:20.045,2459659.4835653356,-8.590740682157982,0.18507144016246127,-0.11092459024740214,2730.8401088148566,,0.1850702758123816,2022,black,0.01958984504233889
127,35,35,1153.2023122994915,890.0340338299928,2993.331432861163,0.1302594244480133,1385.442360233099,2108.210650443144,32.0,2022-03-22 23:10:14.890,2459661.465450116,-8.277978777005991,0.4193336728549708,-0.028869692969769527,2047.3472562492525,,0.41930586925918334,2022,black,0.023645735992374833
128,36,36,1148.4181300584946,885.4269980246128,2700.641251752745,0.0966473519802093,1385.4423602330987,1606.2862703397716,32.0,2022-03-24 22:39:53.147,2459663.4443651275,-8.06486249436199,0.6472510462903074,0.047422865638625626,1682.4609683152635,,0.6471966433665735,2022,black,0.0270893362643484
129,19,19,1147.3205659238452,898.1667581451396,5203.461845011362,0.1750721931457519,1385.442360233099,3075.139528806567,32.0,2022-03-20 23:42:22.053,2459659.487755243,-8.598366269783774,0.1940231045435137,-0.10570318910394338,2750.087473672115,,0.19402188387533803,2022,black,0.019578410264854646
130,35,35,1153.25474812258,890.0119795394356,2987.154027176464,0.1333898603916168,1385.442360233099,2093.466148468977,32.0,2022-03-22 23:13:19.033,2459661.4675814006,-8.271928068938777,0.4238871253654706,-0.02746489918645226,2035.969311751026,,0.4238592931222982,2022,black,0.02372885958825852
131,30,30,1148.4156805010582,885.2676103619123,2673.5175662916145,0.0907046794891357,1385.4423602330987,1587.582814772774,32.0,2022-03-24 22:42:28.031,2459663.446157766,-8.05669071780956,0.6510809872827732,0.051816302933160294,1669.8454868345193,,0.6510265602635208,2022,black,0.027248439983040152
132,19,19,1147.4159924197463,898.2604986904615,5192.463970418769,0.185502827167511,1385.442360233099,3050.416562224642,32.0,2022-03-20 23:44:38.859,2459659.4893386457,-8.603219892377709,0.19740601636404595,-0.09441586248236149,2762.408851571722,,0.197404774412772,2022,black,0.01965758954654851
133,37,37,1153.2754200243266,889.9566086568763,2965.924484015268,0.1312935948371887,1385.4423602330987,2086.7343458368664,32.0,2022-03-22 23:16:23.845,2459661.4697204283,-8.268833318630106,0.4284571206942296,-0.027104570317736276,2030.1743080256956,,0.42842925969959555,2022,black,0.02376710340652003
134,36,36,1148.3609331727653,885.4363104814145,2664.613936475605,0.0826188325881958,1385.4423602330987,1585.0071158019243,32.0,2022-03-24 22:44:51.765,2459663.447821354,-8.032851811056336,0.6546352139743465,0.03064596688698497,1633.5811913884256,,0.6545807645941935,2022,black,0.02727057088971398
135,19,19,1147.3625403604378,898.2892705155027,5175.76047892978,0.1928719282150268,1385.442360233099,3008.1140557107246,32.0,2022-03-20 23:46:53.775,2459659.490900174,-8.608051205978336,0.20074219382760836,-0.0775853679768685,2774.7284197820177,,0.20074093088725856,2022,black,0.019795327367978136
136,35,35,1153.3043664927466,890.1071032039172,2948.5023318052235,0.1177172362804412,1385.442360233099,2077.2620546776448,32.0,2022-03-22 23:19:28.635,2459661.4718592013,-8.26293906071388,0.43302657182515425,-0.027959553256713333,2019.1827356317356,,0.4329986820824825,2022,black,0.02382123063137682
137,37,37,1148.4017119673356,885.3685849419661,2685.4304571638963,0.0987943410873413,1385.4423602330987,1598.3083050836165,32.0,2022-03-24 22:47:11.834,2459663.449442523,-8.040098571338635,0.6580988133212937,0.0289135164063516,1644.5210184850596,,0.6580443421504079,2022,black,0.027156860397686878
138,20,20,1147.3463247225093,898.1976552247719,5176.674622966524,0.1940976977348327,1385.4423602330987,3018.801565854116,32.0,2022-03-20 23:49:12.195,2459659.4925022568,-8.584831718089251,0.2041650161423226,-0.10029917099665199,2716.0182713955533,,0.20416373166778348,2022,black,0.019760255446331594
139,39,39,1153.1943848270253,889.9291822899693,2922.757053038514,0.1080933511257171,1385.4423602330987,2050.515755700506,32.0,2022-03-22 23:22:32.098,2459661.473982616,-8.226535681860451,0.43756320991591746,-0.04774960367197737,1952.6044410426616,,0.4375352916316464,2022,black,0.023976085712085524
140,37,37,1148.4195185643728,885.3644453164054,2688.605425957844,0.1209833621978759,1385.442360233099,1624.8221897324495,32.0,2022-03-24 22:49:32.187,2459663.451066979,-8.065126034120102,0.6615694355064701,0.03572526934463562,1682.869400097782,,0.6615149425006699,2022,black,0.026934375911656164
141,18,18,1147.4625422292206,898.282613453693,5140.258218117336,0.1820272803306579,1385.442360233099,2976.566080723757,32.0,2022-03-20 23:51:27.125,2459659.494063947,-8.572058466808674,0.20750153982315434,-0.09820492686924102,2684.252626444817,,0.20750023435736117,2022,black,0.019899954049494496
142,37,37,1153.254024446005,889.9978039233836,2921.3275132406534,0.1208724379539489,1385.442360233099,2054.372580346703,32.0,2022-03-22 23:25:42.704,2459661.476188704,-8.247703961609046,0.44227647850665797,-0.030824616593356072,1991.0473332176125,,0.4422485305695414,2022,black,0.023953569105098115
143,39,39,1148.416050868576,885.3321867298928,2674.3542654109683,0.1083035171031951,1385.442360233099,1616.6709186752555,32.0,2022-03-24 22:51:58.849,2459663.452764456,-8.029258028655814,0.6651960653819238,0.007120845971105634,1628.1829832731078,,0.6651415495597082,2022,black,0.02700219223382408
144,18,18,1147.5457328856091,898.2500880014754,5118.36996628813,0.1792219877243042,1385.442360233099,2938.586111083514,32.0,2022-03-20 23:53:42.419,2459659.4956298494,-8.565572416566196,0.2108470631632335,-0.09199018077988506,2668.265043487682,,0.21084573664956627,2022,black,0.020028140391579262
145,38,38,1153.228568142961,890.0247044525192,2914.140512527588,0.1028812229633331,1385.442360233099,2058.3572112668567,32.0,2022-03-22 23:28:50.256,2459661.4783594445,-8.250769303571277,0.4469142279580929,-0.029965956512615532,1996.6765685866053,,0.4468862508432503,2022,black,0.02393037284736602
146,30,30,1148.3434466489955,885.6810221920701,2639.986739674926,0.0906298160552978,1385.442360233099,1578.6133179834997,32.0,2022-03-24 22:56:50.289,2459663.456137604,-8.085280349660032,0.6724027370228125,0.0860163845975191,1714.399928273934,,0.6723481758608703,2022,black,0.027325741563191206
147,19,19,1147.227242806383,898.2543511629611,5116.8417189998,0.1801948547363281,1385.4423602330987,2924.2114102350683,32.0,2022-03-20 23:55:59.332,2459659.4972144905,-8.569522299297894,0.21423262135714602,-0.08420102664923615,2677.989807353865,,0.21423127354373125,2022,black,0.020077306738294675
148,39,39,1153.270230317412,890.0006251976264,2885.333579311634,0.1123239398002624,1385.442360233099,2044.30335222878,32.0,2022-03-22 23:31:50.998,2459661.480451366,-8.257815250577673,0.45138358150822366,-0.01693833828623527,2009.6762504890444,,0.45135557627509204,2022,black,0.024012488364790002
149,35,35,1148.2632408663872,885.3965144854361,2644.550709210665,0.0960160195827484,1385.4423602330987,1591.0321416609625,32.0,2022-03-24 22:59:13.281,2459663.4577926043,-8.046427539679868,0.6759386161888674,0.03966174138519911,1654.135246999059,,0.6758840327814539,2022,black,0.02721888691148697
150,19,19,1147.3407378830248,898.3625739796278,5098.228060602307,0.1813281178474426,1385.4423602330987,2893.286161163366,32.0,2022-03-20 23:58:15.811,2459659.4987941086,-8.56222034468639,0.21760744781058738,-0.08061640935615651,2660.0398196105175,,0.21760607876494223,2022,black,0.020184320935115987
151,37,37,1153.1502744447482,889.9946879799683,2868.922489945893,0.1103520393371582,1385.442360233099,2018.396526681112,32.0,2022-03-22 23:34:58.190,2459661.48261794,-8.207426484822847,0.45601242879837756,-0.04947377451137252,1918.5388320455531,,0.4559843944435258,2022,black,0.024166101361694396
152,31,31,1148.2285201858615,885.8315466563415,2636.0761475865684,0.107256531715393,1385.442360233099,1608.5731638170744,32.0,2022-03-24 23:01:44.861,2459663.4595470023,-8.072371605602106,0.6796868568699193,0.053192658842233016,1694.1374473427675,,0.6796322498809939,2022,black,0.027070073086877488
153,19,19,1147.368962586504,898.1851160414103,5101.553787546167,0.1509439349174499,1385.442360233099,2875.457594399422,32.0,2022-03-21 00:00:32.353,2459659.500374456,-8.543915952551748,0.2209838322417406,-0.09038122933165545,2615.5702021265574,,0.2209824419540633,2022,black,0.020246798196941362
154,39,39,1153.2401592755316,890.0203404547494,2859.380645191727,0.1406677067279815,1385.442360233099,2024.098769648068,32.0,2022-03-22 23:38:01.672,2459661.484741574,-8.238237599859428,0.46054953647118424,-0.024868155948583066,1973.7631657891247,,0.4605214735717791,2022,black,0.024132037270317732
155,36,36,1148.31220976918,885.292768110693,2631.621635680987,0.107373297214508,1385.442360233099,1614.1228257634095,32.0,2022-03-24 23:04:21.475,2459663.4613596643,-8.063448620582749,0.683559577582443,0.04098115906828416,1680.2714500417683,,0.683504946228858,2022,black,0.027023496982447253
156,22,22,1147.378133370724,898.2372277354347,5121.421073727312,0.1623829007148742,1385.442360233099,2876.3116899923816,32.0,2022-03-21 00:02:50.367,2459659.5019718404,-8.568508407413733,0.2243966162453995,-0.0698191021574265,2675.4901902722036,,0.22439520448668743,2022,black,0.02024379191895497
157,39,39,1153.2601275080265,889.9236473011882,2848.4675931950223,0.1071345806121826,1385.4423602330987,2007.9569519201227,32.0,2022-03-22 23:41:00.716,2459661.486813843,-8.214284835939504,0.4649769022235173,-0.0384773114140987,1930.6961669749878,,0.46494881146998335,2022,black,0.024228840943557824
158,35,35,1148.2690751024356,885.3003982561507,2640.138178704978,0.1011135280132293,1385.442360233099,1624.2797553548055,32.0,2022-03-24 23:06:56.890,2459663.463158449,-8.046115081060288,0.6874026499592123,0.01808772453590095,1653.659280138904,,0.6873479944274958,2022,black,0.02693887295467266
159,19,19,1147.336118852428,898.2007284264354,5103.341259007304,0.1559392809867859,1385.442360233099,2835.621552167581,32.0,2022-03-21 00:05:05.505,2459659.5035359375,-8.514724093403217,0.22773828244653302,-0.10207230087749619,2546.1831359200187,,0.2277368496642135,2022,black,0.020388520094331022
160,37,37,1153.2805219956751,889.9223107881896,2858.3643940019256,0.1167300045490264,1385.442360233099,2026.9205746231116,32.0,2022-03-22 23:44:01.426,2459661.4889053935,-8.228262071056662,0.46944546385138786,-0.03513156869076115,1955.7116752250226,,0.46941734498454757,2022,black,0.024115233548368652
161,37,37,1148.2486649513178,885.3720987718531,2595.0282091172,0.0847364664077758,1385.4423602330987,1578.4826062850036,32.0,2022-03-24 23:09:37.668,2459663.4650193057,-8.045785755357368,0.6913783374784046,0.04730819420274277,1653.157767968786,,0.6913236569342285,2022,black,0.02732687294092624
162,19,19,1147.240170452558,898.3008974796954,5067.4791047889785,0.1367884874343872,1385.442360233099,2779.5261055949345,32.0,2022-03-21 00:07:20.704,2459659.5051007406,-8.561142016563553,0.23108145688151785,-0.043938016755556655,2657.3992409947973,,0.23108000306610207,2022,black,0.020593229484406624
163,35,35,1153.213562258778,889.8775566037579,2827.17205953973,0.10986989736557,1385.4423602330987,1984.6311358944604,32.0,2022-03-22 23:47:04.161,2459661.491020382,-8.203811595825368,0.47396409963902464,-0.03651526602425979,1912.1618020072453,,0.4739359523438438,2022,black,0.0243708085258587
164,38,38,1148.2542455970822,885.3037938115571,2613.2471521095317,0.0954721570014953,1385.4423602330987,1604.3118463036333,32.0,2022-03-24 23:12:23.140,2459663.466934491,-8.02895944944256,0.6954700973217633,0.014600307059414832,1627.7352918787228,,0.6954153910348744,2022,black,0.027106000540265702
165,39,39,1153.3015452398336,890.0392769900864,2813.7754009314804,0.1204906702041626,1385.4423602330987,1977.3690085823828,32.0,2022-03-22 23:49:56.806,2459661.493018588,-8.208611077473849,0.4782332321607594,-0.028692576795794855,1920.633196450008,,0.47820505800695123,2022,black,0.024415519885357697
166,34,34,1148.2521101949856,885.4393735270193,2610.025066390048,0.1126831769943237,1385.4423602330987,1612.894234849165,32.0,2022-03-24 23:15:01.840,2459663.468771296,-8.041376414431728,0.699394399433027,0.020809436814204,1646.4576555172528,,0.699339668456961,2022,black,0.027033787335662182
167,39,39,1153.2553663210529,889.8876957925959,2822.8489883439097,0.1202053725719451,1385.4423602330987,1987.2457986904683,32.0,2022-03-22 23:52:54.133,2459661.4950709837,-8.173248694860526,0.4826181395383742,-0.06449117127352094,1859.0859895245362,,0.48258993779755777,2022,black,0.024354770645660714
168,35,35,1148.2739559944143,885.3046859114553,2593.7579217527154,0.1028142273426055,1385.442360233099,1605.980006359612,32.0,2022-03-24 23:17:39.773,2459663.4705992243,-8.022672460097876,0.7032997362000248,0.00769441095344306,1618.337076511556,,0.7032449806540999,2022,black,0.027091919139729588
169,39,39,1153.2602003433271,889.9140162267786,2799.9302560013457,0.093244194984436,1385.4423602330987,1962.5806486016352,32.0,2022-03-22 23:55:49.319,2459661.4970985996,-8.187359400779817,0.4869501055201013,-0.04034253046096881,1883.4051790033159,,0.4869218765253507,2022,black,0.024507334679421212
170,38,38,1148.177252998073,885.2552205985168,2600.3490542483632,0.1131479144096374,1385.442360233099,1624.9572568962328,32.0,2022-03-24 23:20:18.177,2459663.472432604,-8.048902060499149,0.707216719994527,0.020278846463061148,1657.9095156178687,,0.7071619398054683,2022,black,0.02693325648979218
171,39,39,1153.2472285109727,889.9704186734332,2804.2671792077576,0.1241052150726318,1385.4423602330987,1978.135736594919,32.0,2022-03-22 23:58:58.473,2459661.499287882,-8.191817883219738,0.49162746899230925,-0.04397100415682927,1891.1551218983313,,0.4915992105706062,2022,black,0.024410787682955633
172,36,36,1148.2257448484174,885.1901266431008,2590.32440177979,0.0972936749458313,1385.4423602330987,1616.8662696023357,32.0,2022-03-24 23:22:51.295,2459663.4742048034,-8.01405203294461,0.7110029928415873,-0.007005799325335456,1605.538828981598,,0.7109481888317415,2022,black,0.027000560972561396
173,32,32,1153.2165083553505,889.7757747654097,2773.715704612058,0.1171606183052063,1385.442360233099,1960.9953481025464,32.0,2022-03-23 00:01:58.547,2459661.501372072,-8.175776818735201,0.49608030459611197,-0.04975812677655286,1863.4198929634294,,0.4960520181600403,2022,black,0.02451723874193328
174,39,39,1148.2743242876363,885.2808388612382,2572.383932254496,0.0865087807178497,1385.442360233099,1601.2168662969857,32.0,2022-03-24 23:25:25.459,2459663.475989109,-8.026389662328445,0.7148151305063681,0.01415820551529683,1623.887223764578,,0.7147603025130138,2022,black,0.027132184385758165
175,38,38,1148.3304234285904,885.3208671873882,2592.893828629485,0.0961755216121673,1385.4423602330987,1621.912730128986,32.0,2022-03-24 23:28:09.409,2459663.477886678,-8.022093528656237,0.7188692541448489,-0.002736488856218844,1617.4743840172284,,0.718814400645563,2022,black,0.02695852313155994
176,39,39,1148.2897525365413,885.2961281564003,2573.0912915758863,0.0847529172897338,1385.4423602330987,1612.061268759072,32.0,2022-03-24 23:30:48.157,2459663.4797240393,-8.014420182630209,0.7227947441395024,-0.003708261008426634,1606.083324812938,,0.7227398659435664,2022,black,0.027040770730302286
177,35,35,1148.2844702591249,885.2840907849499,2572.8709006176464,0.0953194499015808,1385.442360233099,1625.2473807807737,32.0,2022-03-24 23:33:21.431,2459663.481498044,-8.002652028997316,0.726584874125507,-0.022444695225730314,1588.7691986527327,,0.7265299720845206,2022,black,0.026930852446617186
178,38,38,1148.2312040556549,885.258214311455,2576.750684155346,0.0941402912139892,1385.442360233099,1618.4128953676054,32.0,2022-03-24 23:35:54.227,2459663.483266516,-8.012190541494475,0.7303631839753724,-0.009654149148559065,1602.7884958917753,,0.7303082581636975,2022,black,0.02698765643348238
179,35,35,1148.2949936431005,885.3753766899231,2573.293867688678,0.11233851313591,1385.442360233099,1631.6004553292246,32.0,2022-03-24 23:38:31.319,2459663.4850847106,-8.015160131137154,0.7342477248240371,-0.014968237508686404,1607.178272194576,,0.7341927745733372,2022,black,0.02687837005499919
180,38,38,1148.2737063824786,885.2673961297859,2564.98566539635,0.1096218228340148,1385.442360233099,1639.786955390658,32.0,2022-03-24 23:41:10.495,2459663.4869270255,-8.038018352457563,0.7381837983224564,0.0009673546883316581,1641.3732109898203,,0.7381288233085233,2022,black,0.02681119209092158
181,37,37,1148.2601792670455,885.2714028934039,2548.0986369272277,0.0997025966644287,1385.442360233099,1616.1499771203123,32.0,2022-03-24 23:43:46.758,2459663.488735625,-8.023420394328785,0.7420478397261956,0.0020433202631831163,1619.4522891169051,,0.7419928404022063,2022,black,0.027006543757771357
182,33,33,1148.2675912161053,885.4994050476566,2555.495268253176,0.1110093295574188,1385.4423602330987,1633.9771366412276,32.0,2022-03-24 23:46:20.279,2459663.4905124884,-8.012785107178297,0.7458440772633956,-0.01855025282027746,1603.6664476539797,,0.7457890540559298,2022,black,0.026858815140572954
183,39,39,1148.3055298054694,885.3419116485891,2532.299294138573,0.1055197715759277,1385.442360233099,1618.8003897692274,32.0,2022-03-24 23:48:57.733,2459663.4923348725,-8.019097785680643,0.749737569022324,-0.003572249830026037,1613.0176303520282,,0.7496825213195191,2022,black,0.02698442620456341
184,39,39,1148.189848605927,885.2155487610089,2546.733945370053,0.1097401082515716,1385.4423602330987,1639.384353902033,32.0,2022-03-24 23:51:36.130,2459663.494168171,-8.020009929414027,0.7536543797081912,-0.015256357125484689,1614.3733207329715,,0.7535993073633414,2022,black,0.02681448404719448
185,33,33,1148.5065895829516,885.7671843185763,2516.193283300209,0.093953251838684,1385.442360233099,1609.90103078404,32.0,2022-03-24 23:54:16.631,2459663.4960258217,-7.991301610621994,0.7576232174977893,-0.02338932792717829,1572.2465276447297,,0.7575681201835742,2022,black,0.027058906912595885
186,37,37,1148.3491441741317,885.294008670278,2562.847425990426,0.1120273768901825,1385.4423602330987,1679.830214627545,32.0,2022-03-24 23:56:50.936,2459663.4978117594,-8.041251156387252,0.7614388422071947,-0.019979694741910553,1646.2677197210487,,0.7613837208875296,2022,black,0.026489706324736025
187,40,40,1148.3213737023714,885.3111144183533,2520.917225097515,0.0663406252861023,1385.4423602330987,1642.2912652789266,32.0,2022-03-25 00:02:58.729,2459663.5020686225,-7.996834683606967,0.7705335560028566,-0.03775937080308526,1580.2793804265916,,0.7704783774651212,2022,black,0.02679074226237633
188,39,39,1148.417038805993,885.4500011332791,2521.640081463621,0.0890540480613708,1385.442360233099,1654.929746974496,32.0,2022-03-25 00:05:31.699,2459663.5038391086,-8.027255517858285,0.7743161686966573,-0.017974772188875325,1625.1827617840365,,0.7742609663611653,2022,black,0.026688247507938436
189,40,40,1148.3603894765683,885.3000513605725,2532.030793268108,0.0905064940452575,1385.442360233099,1670.1736974184128,32.0,2022-03-25 00:08:07.516,2459663.5056425463,-8.007533307931343,0.7781691818865166,-0.044453814344194244,1595.9281059508182,,0.7781139553103493,2022,black,0.026566174308369325
190,39,39,1148.3714043696275,885.3631161736726,2535.338234446568,0.0939325392246246,1385.4423602330987,1669.6691360433451,32.0,2022-03-25 00:10:44.018,2459663.507453912,-8.043742999117564,0.782039132860886,-0.011750097035883306,1650.0503616770166,,0.7819838819374851,2022,black,0.026570188053558735
191,34,34,1148.39922993608,885.4838715032711,2525.3148867194163,0.1150952279567718,1385.442360233099,1679.7865924148075,32.0,2022-03-25 00:13:20.873,2459663.5092693632,-8.020877180753528,0.7859178128879005,-0.03817344838445635,1615.663345632359,,0.7858625375623483,2022,black,0.026490050276791584
192,39,39,1148.3600578610578,885.3571663920658,2506.546574519731,0.0975523591041565,1385.442360233099,1663.1295723880362,32.0,2022-03-25 00:16:00.661,2459663.5111187617,-8.002486343662412,0.7898690204584486,-0.04485688040639193,1588.5267680590923,,0.7898137202744486,2022,black,0.026622374896608722
193,36,36,1148.292528339425,885.0386358963638,2510.469313424557,0.1055845320224762,1385.442360233099,1670.6636886524248,32.0,2022-03-25 00:18:33.007,2459663.5128820254,-8.008466034818069,0.793636202606713,-0.043913071821287,1597.2997141034145,,0.7935808787220342,2022,black,0.02656227820790988
194,39,39,1148.4005047427313,885.3926070733752,2506.417421837754,0.0954889953136444,1385.4423602330987,1661.9356073728309,32.0,2022-03-25 00:21:08.924,2459663.5146866203,-7.9972782313351285,0.7974916880664402,-0.04874467755081586,1580.9250920812228,,0.7974363399255342,2022,black,0.026631936180816315
0,23,23,1163.639293926325,900.4454305963776,4056.5222087398015,0.148964524269104,1385.4423602330987,4789.140375566421,30.0,2023-02-23 20:47:04.172,2459999.366020509,-8.61491351996589,0.0,-0.416947259412448,2792.3214210325004,,0.3334334700349473,2023,teal,0.015688486717484632
1,22,22,1163.5831605714006,900.4203776424249,4056.433348406807,0.1470192074775695,1385.442360233099,4817.347135419336,30.0,2023-02-23 20:49:18.812,2459999.3675788427,-8.600092187982414,0.003329331659759178,-0.42822003633329236,2754.462570059986,,0.33676280169470374,2023,teal,0.015642489300620493
2,25,25,1163.6682402299923,900.3699741838336,3909.300546919152,0.1094501018524169,1385.4423602330987,2376.713005323262,60.0,2023-02-23 20:52:55.376,2459999.3700853703,-8.575237333377943,0.0086844503919915,0.1327085813486407,2692.1232165325764,25.0,0.342117920426972,2023,teal,0.022270064071504985
3,20,20,1173.4642869545396,936.7806651824094,4648.5141101932095,0.1252362728118896,1385.442360233099,1837.8515122081883,60.0,2023-04-03 21:03:25.401,2460038.3773773266,-8.169676387652855,0.3465583994394166,0.008231205582585922,1852.9792458354405,,0.6799918694744065,2023,teal,0.025325301701732802
4,39,39,1162.68235153387,922.8143604824604,2531.6951303018573,0.0950433611869812,1385.442360233099,1731.4115952163584,60.0,2023-04-19 21:32:23.477,2460054.397493947,-8.092019361985082,0.5730425409237085,-0.0036603283326918533,1725.074060298837,,0.9064760109587269,2023,teal,0.026092138611913614
5,23,23,1163.477497290795,900.3116255491346,3866.4231433177233,0.1144589185714721,1385.442360233099,2375.7514443658865,60.0,2023-02-23 20:56:56.027,2459999.3728706827,-8.6003754667915,0.014635184434702181,0.15970941977166192,2755.1813290672503,23.0,0.34806865446967095,2023,teal,0.02227457040524669
6,22,22,1173.517907958615,936.7621735420968,4513.948549400884,0.0908219814300537,1385.442360233099,1837.2376831020376,60.0,2023-04-03 21:16:26.175,2460038.3864140627,-8.133523240565566,0.36586510687814666,-0.024462537722852642,1792.2941869733077,,0.6992985769130655,2023,teal,0.02532953199518349
7,39,39,1162.8894441337563,922.6823979244772,2503.192405376291,0.0958169102668762,1385.4423602330987,1726.9269967735263,60.0,2023-04-19 21:43:37.376,2460054.4052937035,-8.073721115993843,0.5897064801309284,-0.01776712080012798,1696.2444762088487,,0.9231399501659325,2023,teal,0.026125995542826363
8,23,23,1163.6488151928822,900.4010507349277,3825.739750917048,0.1280250549316406,1385.442360233099,2367.5666082870875,60.0,2023-02-23 21:00:56.639,2459999.375655544,-8.55932679621554,0.020584954447460845,0.12054296241685913,2652.9601009692483,23.0,0.35401842448243315,2023,teal,0.022313039526022323
9,22,22,1173.412928356243,936.7717427714292,4317.709054687106,0.0934256911277771,1385.4423602330987,1851.8065044638288,60.0,2023-04-03 21:29:35.388,2460038.395548472,-8.149429411049217,0.38538049048869993,-0.017853758090661406,1818.7447991024183,,0.7188139605236756,2023,teal,0.025229697022987843
10,40,40,1162.973413597491,922.876078812185,2470.479344163557,0.0780501365661621,1385.442360233099,1714.705204085496,60.0,2023-04-19 21:56:29.707,2460054.4142327197,-8.069671390034589,0.6088044119107394,-0.014449029166161618,1689.9293785802956,,0.9422378819457435,2023,teal,0.026218938500084048
11,27,27,1163.5658574611891,900.2958115516327,3764.108945493555,0.1185368299484252,1385.4423602330987,2318.142766198536,60.0,2023-02-23 21:04:58.538,2459999.378455301,-8.583590414791683,0.026566548392216553,0.17029671723715042,2712.914869369193,27.0,0.3600000184271721,2023,teal,0.022549647031283166
12,22,22,1173.472874244131,936.7643515142584,4238.02455032727,0.0955970287322998,1385.4423602330987,1853.9881448007225,60.0,2023-04-03 21:42:48.847,2460038.4047320257,-8.14502217972982,0.40500086879998776,-0.022983452914210296,1811.377095571191,,0.7384343388349635,2023,teal,0.02521484840413124
13,39,39,1162.96815044146,922.7741000229488,2346.753986827458,0.0867677330970764,1385.442360233099,1584.8705845659456,60.0,2023-04-19 22:10:29.771,2460054.4239556827,-8.05700466270344,0.6295772218707469,0.05392100484767936,1670.3283990392702,,0.9630106919057653,2023,teal,0.02727174549810221
14,24,24,1163.566020160579,900.2627931022997,3713.0162879678246,0.116997480392456,1385.442360233099,2243.002831873763,60.0,2023-02-23 21:08:59.965,2459999.381249595,-8.522331151665355,0.03253647150584004,0.1431484682913691,2564.0852516296954,24.0,0.3659699415408113,2023,teal,0.022924238961465743
15,22,22,1173.3760603286228,936.4699107352986,4131.133169095177,0.1090830564498901,1385.442360233099,1851.992814251624,60.0,2023-04-03 21:56:13.349,2460038.414043391,-8.156016554976778,0.42489431332082006,-0.011976385420849285,1829.8126345115031,,0.7583277833557531,2023,teal,0.02522842794200481
16,40,40,1163.1316729642167,922.81316922067,2416.695131685162,0.0868313014507293,1385.442360233099,1698.419033622745,60.0,2023-04-19 22:23:57.532,2460054.4333047685,-8.059597855537174,0.649551254918137,-0.014187560443497164,1674.3226109248365,,0.9829847249530985,2023,teal,0.026344345519697967
17,30,30,1163.6762172577385,900.3427876164469,3700.706789366707,0.1035751700401306,1385.442360233099,2305.9345111815564,60.0,2023-02-23 21:13:00.242,2459999.3840305787,-8.550341000112908,0.03847795722818544,0.14100994814715204,2631.0942170339963,30.0,0.3719114272631714,2023,teal,0.022609260266987452
18,23,23,1173.476221590873,936.7401412353348,4102.103179722248,0.0947908163070678,1385.442360233099,1844.517047713632,60.0,2023-04-03 22:11:23.093,2460038.4245728357,-8.130198533630939,0.4473901462509815,-0.03128340433537841,1786.814275106508,,0.780823616285943,2023,teal,0.025279501236415067
19,39,39,1162.917875176415,922.7804658243768,2442.471320521423,0.0780760943889617,1385.442360233099,1777.6280412767842,60.0,2023-04-19 22:37:05.108,2460054.4424202316,-8.11677158900706,0.6690261602142868,-0.007186341788445321,1764.8533985994445,,0.002459630249290967,2023,teal,0.0257507208903469
20,32,32,1163.6345422330205,900.3344096116421,3672.2008240216346,0.0942165255546569,1385.442360233099,2285.697656527095,60.0,2023-02-23 21:17:00.602,2459999.386812523,-8.531879025718819,0.04442149536930382,0.13170393841223854,2586.7330399113375,32.0,0.37785496540425356,2023,teal,0.022709127377861106
21,30,30,1173.4563506879863,936.6288700944106,4020.973613088429,0.092283546924591,1385.4423602330987,1866.6925686070456,60.0,2023-04-03 22:32:02.342,2460038.4389159954,-8.145982998748488,0.47803386383311874,-0.028773774372100557,1812.9807778158695,,0.8114673338681087,2023,teal,0.025128897713892786
22,32,32,1163.6023512704628,900.3542613906965,3616.192435967205,0.1002304852008819,1385.442360233099,2236.329801364235,60.0,2023-02-23 21:21:00.620,2459999.3895905092,-8.4962174573461,0.05035657710733433,0.1193119275470046,2503.150620595812,32.0,0.38379004714226994,2023,teal,0.022958415539573333
23,28,28,1173.408628634777,936.6823280275756,3920.729079836039,0.0980451703071594,1385.4423602330987,1838.9498267398417,60.0,2023-04-03 22:44:34.039,2460038.447616192,-8.10590363604984,0.4966215651018615,-0.049851309465128196,1747.27576983619,,0.8300550351368656,2023,teal,0.025317737791921497
24,32,32,1163.5561175494752,900.2871676469825,3561.244185570872,0.0925597250461578,1385.4423602330987,2181.3460420840147,60.0,2023-02-23 21:25:06.762,2459999.392439375,-8.489147655356973,0.056443091137507694,0.1400778181865812,2486.904236369078,32.0,0.3898765611725139,2023,teal,0.02324596366997451
25,27,27,1173.4302526317297,936.6979437774852,3808.8279588175074,0.0855054855346679,1385.4423602330987,1844.4849251961891,60.0,2023-04-03 22:57:13.015,2460038.4564006366,-8.111444032428812,0.5153892594180292,-0.047856289782482124,1756.2147201165803,,0.8488227294529906,2023,teal,0.02527972136228133
26,32,32,1163.6184563393356,900.32556682147,3516.5131037889246,0.0974529981613159,1385.442360233099,2185.958559535596,60.0,2023-02-23 21:29:10.263,2459999.3952576737,-8.487093136659695,0.0624642988538108,0.13552141779988996,2482.2027627756656,32.0,0.3958977688887444,2023,teal,0.023221425456751887
27,30,30,1173.531036136832,936.814850829282,3718.035559939747,0.1030937433242797,1385.442360233099,1854.062763302956,60.0,2023-04-03 23:09:52.256,2460038.465188148,-8.114937796019175,0.5341635059542824,-0.04972197431879702,1761.8751022005686,,0.8675969759892723,2023,teal,0.02521434100136414
28,31,31,1163.714525684135,900.3743911256568,3441.4654732187755,0.1009160280227661,1385.4423602330987,2087.30098948982,60.0,2023-02-23 21:33:14.184,2459999.3980808333,-8.489946456862162,0.06849589202797676,0.1923218528191156,2488.7345831796756,31.0,0.4019293620629014,2023,teal,0.023763877136687143
29,25,25,1173.383363471088,936.755884487027,3628.235185536095,0.0965960621833801,1385.442360233099,1843.1468608738764,60.0,2023-04-03 23:24:30.590,2460038.4753540508,-8.106017946037946,0.5558826431326054,-0.05191508298586222,1747.4597386364776,,0.8893161131675242,2023,teal,0.025288895822834428
30,33,33,1163.593857584507,900.3475657870385,3401.664271437302,0.0976387560367584,1385.4423602330987,2163.072781724726,60.0,2023-02-23 21:37:15.322,2459999.4008717826,-8.491672488703685,0.07445866898355553,0.15238570653334818,2492.6941558509034,33.0,0.407892139018486,2023,teal,0.023343946087314906
31,31,31,1173.3885355307866,936.734548240436,3584.425392924554,0.0933295488357544,1385.442360233099,1810.5933018758872,60.0,2023-04-03 23:37:08.899,2460038.4841307756,-8.110581883862515,0.5746338444781287,-0.030803484349377776,1754.8207194384652,,0.9080673145131186,2023,teal,0.025515223867091423
32,25,25,1163.695766264242,900.4668643730805,3332.910764206253,0.1063747704029083,1385.4423602330987,2062.88470471703,60.0,2023-02-23 21:41:15.378,2459999.4036502084,-8.447220648668187,0.08039468987976427,0.15988065108260274,2392.7000544155317,25.0,0.4138281599147149,2023,teal,0.023904097961901953
33,30,30,1173.3418400847745,936.677474695716,3602.598128100097,0.0946858525276184,1385.442360233099,1857.865484818472,60.0,2023-04-03 23:50:08.870,2460038.4931582175,-8.100867128537283,0.5939206952875367,-0.06387771317179083,1739.1892862674674,,0.9273541653225266,2023,teal,0.02518852313886956
34,23,23,1163.5769665108005,900.4044952213783,3273.5584697304816,0.1186074614524841,1385.442360233099,2022.129032074164,60.0,2023-02-23 21:45:15.572,2459999.4064302314,-8.45251781658179,0.08633412318333669,0.1890449209783299,2404.402255150611,23.0,0.4197675932183529,2023,teal,0.024143787808950663
35,30,30,1173.4264224721312,936.7227660808222,3608.205962982088,0.0955725908279419,1385.4423602330987,1879.7510875473115,60.0,2023-04-04 00:03:01.210,2460038.502097338,-8.140459581483316,0.613018849918447,-0.040414917656090885,1803.7811021301397,,0.9464523199534369,2023,teal,0.02504146111654
36,28,28,1163.7403925074204,900.3665520452838,3242.4576686512555,0.1063086986541748,1385.442360233099,2028.4879564475025,60.0,2023-02-23 21:49:17.102,2459999.4092257177,-8.435736853468526,0.09230659316659606,0.16713826516012317,2367.525914386342,28.0,0.4257400632016015,2023,teal,0.02410591501066202
