,Unnamed: 0,id,x,y,Aperture Sum,Median Flux Background Subtracted,Aperture Area (pixels),Sum with bkg subtraction,EXP-TIME,OBS-TIME,JulianDate,mag,phase,residualFactor,correctedflux,Unnamed: 0.1,phaseII,year,colour,error,CalibratedMag
0,24,24,1147.6499657052118,899.252945473586,3776.690400295993,0.1477152109146118,1385.442360233099,2218.637043279154,32.0,2022-03-20 21:32:15.324,2459659.3973995834,-8.301235422728622,0.0,-0.05722532214847145,2091.6748237469724,,0.0,2022,black,0.02304977592897232,11.020463500073715
1,18,18,1152.9062199603209,890.2907676601328,5441.514587814117,0.1885733604431152,1385.4423602330987,3188.942310210421,32.0,2022-03-22 21:03:47.323,2459661.3776310533,-8.893405618950878,0.2307299639358522,0.13165900838035363,3608.7952925548793,,0.2307033469129003,2022,black,0.019225892359564345,10.42829330385146
2,18,18,1149.810898310238,885.8397229420336,4382.243048655493,0.1329655051231384,1385.442360233099,1900.1440707031104,32.0,2022-03-24 20:47:13.063,2459663.366123414,-8.469397631034369,0.479109176932738,0.28520534068318987,2442.075307735134,,0.47905583184914846,2022,black,0.024906721947136654,10.852301291767969
3,25,25,1147.74949694498,899.3495809425435,3845.3428632905143,0.1211459636688232,1385.442360233099,2226.6433054305426,32.0,2022-03-20 21:34:34.888,2459659.3990149074,-8.289177196402788,0.003451111648198798,-0.07099034561168222,2068.57312762409,,0.003451089936031221,2022,black,0.023008298981284134,11.03252172639955
4,19,19,1152.9588259073794,890.3504802440808,5434.101966970232,0.1695937514305114,1385.442360233099,3214.933474491147,32.0,2022-03-22 21:07:16.419,2459661.380051146,-8.871474886345439,0.23590044924116338,0.10006402893947491,3536.632670721116,,0.23587379968885447,2022,black,0.01914801868064625,10.450224036456898
5,18,18,1149.8103187818826,885.8862214526602,4354.699521053393,0.1153939962387085,1385.4423602330987,1887.727245058304,32.0,2022-03-24 20:49:52.449,2459663.3679681597,-8.395063919004102,0.4830504436901979,0.2080539332464912,2280.4763232892474,,0.4829970738107008,2022,black,0.02498850164667889,10.926635003798236
6,24,24,1147.6294214560282,899.4409751797153,3933.1273489863374,0.141386866569519,1385.442360233099,2267.1844597959853,32.0,2022-03-20 21:36:59.713,2459659.4006911227,-8.351769157847611,0.0070323164250924945,-0.03345782974238196,2191.329388145557,,0.00703227218229532,2022,black,0.022801657073030716,10.969929764954726
7,17,17,1152.9253110273064,890.6778647152762,5324.693501732465,0.1708292961120605,1385.4423602330987,3098.6539576423406,32.0,2022-03-22 21:10:09.866,2459661.3820586344,-8.834994937347394,0.24018941364521496,0.10363355374508118,3419.778479099077,,0.24016273710951008,2022,black,0.019503982485727347,10.486703985454943
8,18,18,1149.6874676491914,885.8566297382753,4346.597974453451,0.1047514081001281,1385.442360233099,1897.9353176727743,32.0,2022-03-24 20:52:33.494,2459663.3698321064,-8.416253424853013,0.4870327332145621,0.22523660291642816,2325.419821180502,,0.486979338281067,2022,black,0.024921210533987305,10.905445497949325
9,20,20,1147.591391820031,899.3001619594125,3996.062633429556,0.1332689523696899,1385.4423602330987,2277.8435653799625,32.0,2022-03-20 21:39:18.364,2459659.4022958796,-8.32252739982177,0.010460851324750242,-0.06354467175591205,2133.0987437065764,,0.010460785511823825,2022,black,0.0227482446543652,10.999171522980568
10,16,16,1152.708783658329,889.6693150519699,5308.477254644831,0.172329843044281,1385.442360233099,3105.003523686441,32.0,2022-03-22 21:13:06.818,2459661.3841066896,-8.865380258131507,0.24456504777234933,0.1326350732369252,3516.835893451503,,0.2445383437079771,2022,black,0.019484029979834,10.45631866467083
11,18,18,1149.8314680006008,885.8531791776148,4306.87504022436,0.1114919781684875,1385.4423602330987,1868.6713187457608,32.0,2022-03-24 20:55:18.506,2459663.3717419677,-8.419312026569013,0.491113118626771,0.24793478588979656,2331.979942057395,,0.49105969802212535,2022,black,0.025115589600384184,10.902386896233324
12,17,17,1147.7136360162574,899.4690139894603,4046.154249311763,0.1295095682144165,1385.442360233099,2268.766810619156,32.0,2022-03-20 21:41:41.868,2459659.4039568054,-8.320348976402318,0.01400939030330979,-0.0616826856812026,2128.82318055579,,0.014009302165265901,2022,black,0.02279370418119974,11.001349946400019
13,19,19,1152.7717345991423,890.4132846799872,5263.7153992535,0.1579059362411499,1385.442360233099,3071.127370834235,32.0,2022-03-22 21:16:00.782,2459661.386120162,-8.832644103124164,0.24886679634855735,0.11111705204968157,3412.3819907504244,,0.24884006522035929,2022,black,0.019591194826821243,10.489054819678174
14,18,18,1149.8782994747894,885.8976973736213,4296.39269716523,0.1110613346099853,1385.4423602330987,1866.4687390424083,32.0,2022-03-24 20:58:10.460,2459663.373732176,-8.405984315385153,0.49536516413241216,0.23416437401898596,2303.5292229462802,,0.49531171677664076,2022,black,0.025130404415157154,10.915714607417184
15,21,21,1147.6622387792902,899.4794229072088,4111.63592145272,0.1202173233032226,1385.4423602330987,2293.8129476801723,32.0,2022-03-20 21:43:57.720,2459659.4055291666,-8.307396180023437,0.017368712590300532,-0.08293425382697932,2103.5772824456535,,0.0173686033175685,2022,black,0.022668920422272185,11.0143027427789
16,18,18,1152.958401073231,890.3366441117265,5111.814144719836,0.1912609934806823,1385.442360233099,3131.458256041231,32.0,2022-03-22 21:18:50.878,2459661.3880888657,-8.844217594961155,0.2530728974297354,0.1013881797925011,3448.9511087174515,,0.253046139839463,2022,black,0.019401554339825263,10.477481327841183
17,18,18,1149.8049728334452,885.8782193786019,4282.157100256172,0.1163021922111511,1385.442360233099,1870.0315985773832,32.0,2022-03-24 21:01:02.302,2459663.375721088,-8.433133124476722,0.49961443989990073,0.26300277500674785,2361.8550983535397,,0.49956096581042786,2022,black,0.025106453272118214,10.888565798325615
18,19,19,1147.585302484863,899.3644294751647,4208.789197605004,0.1529337167739868,1385.4423602330987,2350.777269048536,32.0,2022-03-20 21:46:13.399,2459659.4070995254,-8.33137753364602,0.020723756905285527,-0.0851718266289562,2150.5572750458427,,0.020723626524779583,2022,black,0.022392578043630387,10.990321389156318
19,19,19,1152.8176785576643,890.3071616723544,5058.496013400942,0.1632485389709472,1385.442360233099,3100.772744103059,32.0,2022-03-22 21:21:44.632,2459661.3900999073,-8.857396165224069,0.2573694527469037,0.12587072876697764,3491.069269144092,,0.257342668125478,2022,black,0.019497317721933926,10.464302757578269
20,15,15,1149.5257385178406,885.6706278019643,4244.569220917374,0.1347378492355346,1385.442360233099,1857.0635974350132,32.0,2022-03-24 21:03:44.636,2459663.3775999537,-8.380145995934512,0.5036286033003385,0.21124395169247517,2249.3570503014294,,0.5035751039563383,2022,black,0.025193960803734348,10.941552926867825
21,19,19,1147.7983863878871,899.2775328395556,4282.511763364472,0.1389091610908508,1385.4423602330987,2361.4980737023297,32.0,2022-03-20 21:48:28.428,2459659.408662361,-8.381707463205817,0.02406272798405542,-0.04611638342532202,2252.5943230773137,,0.024062576596898002,2022,black,0.022341690951415968,10.93999145959652
22,18,18,1152.7630209973397,890.3400816423724,5025.805269738745,0.1678221225738525,1385.4423602330987,3077.178963598852,32.0,2022-03-22 21:24:38.253,2459661.39210941,-8.83684327591464,0.26166271999489155,0.1132291133240879,3425.605209186686,,0.2616359083629991,2022,black,0.019571921284270922,10.484855646887697
23,16,16,1149.8984015161268,885.8707241065064,4230.966042752523,0.1301472187042236,1385.4423602330987,1880.4838809237092,32.0,2022-03-24 21:06:19.382,2459663.3793909955,-8.416412429888592,0.5074551328588495,0.23678826776203524,2325.7604016420637,,0.5074016094407945,2022,black,0.025036581520104777,10.905286492913746
24,21,21,1147.6261983491995,899.1150082938673,4514.2135887072,0.1507822871208191,1385.442360233099,2448.498472102928,32.0,2022-03-20 21:55:18.694,2459659.4134108103,-8.394933061074832,0.034207706789304716,-0.06873477262940388,2280.2014863394907,,0.034207491576486955,2022,black,0.0219411769112959,10.926765861727505
25,20,20,1152.8359747486966,890.2499951942833,4997.668900798498,0.1549218893051147,1385.442360233099,3082.437296115244,32.0,2022-03-22 21:27:30.247,2459661.394100081,-8.829733140595037,0.26591575440848114,0.1040760914792213,3403.245322124698,,0.26588891601924036,2022,black,0.019555220279730275,10.4919657822073
26,18,18,1149.8039975217453,885.8422265772768,4189.84739814483,0.1305398344993591,1385.442360233099,1855.866544973756,32.0,2022-03-24 21:09:08.380,2459663.381346991,-8.393648902366277,0.5116340827460721,0.22719285479826604,2277.506163450938,,0.5115805330367618,2022,black,0.025202084672152056,10.92805002043606
27,20,20,1147.6510970176168,899.1532135933815,4630.074205218172,0.1492873430252075,1385.442360233099,2510.339340976981,32.0,2022-03-20 21:57:39.415,2459659.4150395254,-8.445077637627014,0.03768742812144989,-0.04874134145375731,2387.982033993622,,0.037687191016470875,2022,black,0.021669237107892834,10.876621285175323
28,19,19,1152.9031656992615,890.3223858849684,4943.429012190793,0.154206097126007,1385.442360233099,3045.15322987904,32.0,2022-03-22 21:30:24.141,2459661.396112743,-8.785091183005612,0.2702157709034658,0.07257414120094545,3266.1526103627966,,0.27018890546129626,2022,black,0.019674570589856683,10.536607739796725
29,18,18,1149.716470997476,885.8344961123897,4183.708264397457,0.1148422360420227,1385.4423602330987,1857.6645551420463,32.0,2022-03-24 21:11:54.673,2459663.3832716784,-8.412264346544905,0.5157461440537912,0.2472067250001382,2316.89172596755,,0.5156925684740443,2022,black,0.02518988532908345,10.909434576257432
30,21,21,1147.772003583504,899.1921237953912,4695.080515603854,0.1371300220489502,1385.442360233099,2562.9089538068497,32.0,2022-03-20 21:59:58.202,2459659.4166458566,-8.449466257379171,0.04111932670095681,-0.06447946552697541,2397.6539542710843,,0.04111906800468645,2022,black,0.021445849239835262,10.872232665423166
31,19,19,1152.8206891087823,890.1463512383959,4931.122298595463,0.1618118286132812,1385.442360233099,3038.948016059986,32.0,2022-03-22 21:33:11.352,2459661.3980480554,-8.810272849797464,0.27435053232450013,0.09998273529869009,3342.790351136191,,0.27432364086907945,2022,black,0.019694647053661366,10.511426073004873
32,18,18,1149.8052330992475,885.8381150747653,4156.741647777126,0.1208537817001342,1385.442360233099,1859.077712049036,32.0,2022-03-24 21:14:40.451,2459663.385190405,-8.356633541619402,0.5198454699383355,0.18401136854183406,2201.169146068801,,0.5197918685682765,2022,black,0.02518030960573031,10.965065381182935
33,19,19,1147.7161270961574,899.2543387315101,4782.478155540954,0.1493393182754516,1385.442360233099,2617.8290124372056,32.0,2022-03-20 22:02:20.726,2459659.41829544,-8.448054827864814,0.044643632460419594,-0.08529583916354556,2394.5390900346983,,0.044643351591491534,2022,black,0.021219698042103205,10.873644094937523
34,19,19,1152.9525752999728,890.2969600677282,4874.814439044007,0.1480643153190612,1385.4423602330987,3035.729075914797,32.0,2022-03-22 21:36:01.612,2459661.4000186576,-8.775252116772439,0.27856068952006563,0.06619793347174256,3236.688067320439,,0.2785337715770524,2022,black,0.019705085912314797,10.546446806029898
35,19,19,1149.7278972784436,885.9098201952528,4160.954444019529,0.1340351104736328,1385.4423602330987,1877.731641053304,32.0,2022-03-24 21:17:31.219,2459663.3871668866,-8.387547543989589,0.5240681884535636,0.20610604209466687,2264.743477706724,,0.524014560516882,2022,black,0.025054923184399214,10.934151378812748
36,21,21,1147.7516274846737,899.1992055904104,5773.7753893118825,0.1745572090148925,1385.442360233099,3351.893780495591,32.0,2022-03-20 22:20:57.116,2459659.4312166204,-8.7206139430275,0.07224950917830732,-0.08176185603024448,3077.8367237860384,,0.07224905463101632,2022,black,0.018752739208872504,10.601084979774837
37,21,21,1152.671306817152,890.2176492510677,4816.889468415393,0.136556327342987,1385.442360233099,2993.577729560628,32.0,2022-03-22 21:39:00.233,2459661.40208603,-8.761471239953117,0.2829775951334055,0.0675739223040371,3195.8655184690533,,0.28295064940207215,2022,black,0.019843330608243462,10.56022768284922
38,19,19,1149.8256384263948,885.8629892222257,4137.357037949174,0.1371264457702636,1385.4423602330987,1864.898464107659,32.0,2022-03-24 21:20:14.341,2459663.3890548726,-8.40499942836223,0.5281018375190474,0.23408359757854072,2301.440605704675,,0.5280481842052502,2022,black,0.02514098229421355,10.916699494440108
39,22,22,1147.6622041885564,899.2794489571662,5876.346003191455,0.1602453589439392,1385.4423602330987,3435.5540143926523,32.0,2022-03-20 22:23:14.505,2459659.432806771,-8.741702737754974,0.07564683776449892,-0.08655098016557562,3138.20344703519,,0.07564636184340866,2022,black,0.018523005144036483,10.579996185047364
40,18,18,1152.8736091141263,890.606129099774,4825.742162298523,0.1398266553878784,1385.442360233099,3042.836312734593,32.0,2022-03-22 21:41:48.978,2459661.404039097,-8.764622831124694,0.28715028823785005,0.05334476700839615,3205.155706882107,,0.2871233162546236,2022,black,0.019682059601943722,10.557076091677644
41,17,17,1149.8169441853768,886.0207593037195,4135.708616783802,0.1180706024169921,1385.442360233099,1871.712057709088,32.0,2022-03-24 21:22:58.923,2459663.390959757,-8.418642297771456,0.5321715896836299,0.2451391283584867,2330.5419200739634,,0.532117910765578,2022,black,0.02509518021262786,10.903056625030882
42,21,21,1147.6442202337505,899.251716605137,6040.81900141477,0.1983050107955932,1385.4423602330987,3574.8130625342205,32.0,2022-03-20 22:25:30.241,2459659.4343777895,-8.77399920319409,0.07900329182049139,-0.09562958831482844,3232.9551610616018,,0.07900279478275804,2022,black,0.018158633770798228,10.547699719608246
43,22,22,1152.7622417368552,890.2921192425628,4843.220952139469,0.1497161388397216,1385.442360233099,3097.141448634109,32.0,2022-03-22 21:44:44.395,2459661.4060693868,-8.754913345090484,0.29148796680452094,0.02566207594765522,3176.6205277095883,,0.29146096753142015,2022,black,0.01950874435226651,10.566785577711853
44,19,19,1149.7710538454214,885.8102104211821,4092.721749515372,0.113150954246521,1385.442360233099,1829.26756799734,32.0,2022-03-24 21:25:36.442,2459663.3927828935,-8.351289675451737,0.5360666891641301,0.19739829541415924,2190.36186777642,,0.5360129857406264,2022,black,0.025384652380498463,10.9704092473506
45,19,19,1147.9293242532408,899.2838214224538,6189.093926173418,0.1735218167304992,1385.442360233099,3687.714284900497,32.0,2022-03-20 22:27:48.191,2459659.435974433,-8.808161402963734,0.08241449297450816,-0.09529436452361945,3336.2958955762306,,0.08241397447569832,2022,black,0.017878505194947537,10.513537519838604
46,25,25,1152.8270257369486,890.2420166885304,4831.477397152008,0.1544454097747802,1385.442360233099,3114.2158302853823,32.0,2022-03-22 21:47:40.744,2459661.408110463,-8.762633228156275,0.29584869070689823,0.02731725643983629,3199.287662730286,,0.29582166399893683,2022,black,0.019455190328700946,10.559065694646062
47,18,18,1149.7806728627704,885.869472256236,4080.7853194217646,0.1146656274795532,1385.4423602330987,1847.7799232585007,32.0,2022-03-24 21:28:07.856,2459663.39453537,-8.365196152413368,0.5398108249818101,0.20068259980814568,2218.5972021313123,,0.5397570980026192,2022,black,0.02525717165301768,10.956502770388969
48,21,21,1147.613789431861,899.2480817278199,6334.112162057425,0.1730498671531677,1385.4423602330987,3813.002793950988,32.0,2022-03-20 22:30:10.814,2459659.437625162,-8.812140747769838,0.08594124613190911,-0.12180860849064061,3348.5462294488934,,0.08594070544504413,2022,black,0.017582323889944285,10.509558175032499
49,19,19,1152.860429057224,890.2306011421409,4798.689113024278,0.1775717735290527,1385.442360233099,3110.0423389490293,32.0,2022-03-22 21:50:33.103,2459661.410105359,-8.751587722829509,0.30011075064654325,0.018283690183157862,3166.9053895308766,,0.3000836971244505,2022,black,0.019468239804822075,10.570111199972828
50,19,19,1149.7926002400702,885.8325635852195,3955.055449970818,0.1236024498939514,1385.442360233099,1838.890302084721,32.0,2022-03-24 21:30:39.485,2459663.396290336,-8.36666598563436,0.5435602784181821,0.20812138490683219,2221.602698446336,,0.5435065278498481,2022,black,0.025318147554649974,10.955032937167978
51,22,22,1147.6522083097937,899.2236439467918,6462.790253697416,0.1678935289382934,1385.442360233099,3927.538522926568,32.0,2022-03-20 22:32:27.679,2459659.4392092475,-8.887094584273664,0.08932561743730935,-0.08648142974279292,3587.879376093981,,0.08932505545816395,2022,black,0.017324057283444945,10.434604338528674
52,23,23,1152.809347810907,890.345980876312,4794.10023942357,0.1608797311782837,1385.442360233099,3120.624181805875,32.0,2022-03-22 21:53:23.709,2459661.412079965,-8.737031471701984,0.30432946279124273,0.0013159154966571314,3124.7306595259565,,0.3043023827277356,2022,black,0.01943520397918483,10.584667451100353
53,21,21,1149.8132151334185,885.8646695148072,3909.5042714457786,0.0955045223236084,1385.442360233099,1794.3717714504114,32.0,2022-03-24 21:33:18.242,2459663.398127801,-8.33912826162797,0.5474859902704523,0.20708784357277785,2165.9643521679427,,0.5474322150040738,2022,black,0.025630296106526722,10.982570661174368
54,23,23,1147.661200173346,899.1551521216214,6651.107703610942,0.1787781715393066,1385.4423602330987,4072.484596271851,32.0,2022-03-20 22:34:44.664,2459659.440794722,-8.910712705346855,0.09271295646142892,-0.09962043059090607,3666.781927216417,,0.09271237317133214,2022,black,0.017012969078756233,10.410986217455482
55,26,26,1152.71852397384,890.269834933054,4773.765326477469,0.1357640624046325,1385.442360233099,3096.8430078102883,32.0,2022-03-22 21:56:14.919,2459661.4140615626,-8.757204086896891,0.3085631110275058,0.027927405917908783,3183.329799553444,,0.30853600432861583,2022,black,0.01950968435236624,10.564494835905446
56,20,20,1149.7783651100003,885.8183594130354,3916.2286088411215,0.102593183517456,1385.4423602330987,1825.707976898608,32.0,2022-03-24 21:35:55.086,2459663.399943125,-8.343693367903322,0.5513643986959895,0.1913682832443781,2175.0905781432616,,0.5513105990291685,2022,black,0.025409386616026552,10.978005554899015
57,19,19,1147.6173405514228,899.1592173695828,6792.093307198539,0.2015131115913391,1385.4423602330987,4202.16243707486,32.0,2022-03-20 22:37:03.337,2459659.4423997337,-8.93197049565198,0.09614203555892088,-0.11015295627002977,3739.281821904191,,0.09614143069527113,2022,black,0.01674840366866232,10.389728427150358
58,24,24,1152.8070010062763,890.2359716592955,4736.079541220382,0.1273964643478393,1385.442360233099,3058.1242443472734,32.0,2022-03-22 21:59:09.745,2459661.416085012,-8.71283222354517,0.3128861748479519,-0.0007417014726828768,3055.8560290915934,,0.3128590409511345,2022,black,0.019632801469121358,10.608866699257167
59,19,19,1149.7726077978791,885.8028754774784,3904.3981551622783,0.1040419340133667,1385.442360233099,1816.5357347833465,32.0,2022-03-24 21:38:29.880,2459663.4017347223,-8.33500880105942,0.5551921151430133,0.18784445510483838,2157.761900062191,,0.5551382913946696,2022,black,0.02547345570725087,10.986690121742917
60,21,21,1147.6147817419906,899.0943371948599,6943.8511837250535,0.1559672355651855,1385.4423602330987,4328.5947995611805,32.0,2022-03-20 22:39:25.414,2459659.4440441434,-8.918817667373089,0.09965528823257346,-0.14654596973010883,3694.2566770907815,,0.0996546612658049,2022,black,0.01650199195895016,10.402881255429248
61,27,27,1152.7829218752274,890.3387847993956,4685.824404379726,0.1471650600433349,1385.442360233099,3028.122383930475,32.0,2022-03-22 22:02:06.976,2459661.4181362963,-8.719219110932281,0.31726870844854194,0.015112605579378572,3073.885203164904,,0.3172415469796501,2022,black,0.01972982013475784,10.602479811870056
62,20,20,1149.748304455239,885.7049199472714,3918.623358519496,0.109697937965393,1385.442360233099,1839.0962770285653,32.0,2022-03-24 21:41:09.544,2459663.403582685,-8.335839298063595,0.5591402555071205,0.17417074084984666,2159.4130380928254,,0.5590864069196257,2022,black,0.02531672972511361,10.985859624738742
63,19,19,1147.703021158835,899.1880305506397,7039.048603942198,0.2165936231613159,1385.442360233099,4413.987638885375,32.0,2022-03-20 22:41:42.166,2459659.4456269215,-8.97913025351422,0.10303686592276622,-0.11524914949380244,3905.279317627679,,0.10303621768129287,2022,black,0.01634158892356232,10.342568669288116
64,23,23,1152.7846620920857,890.2712633797727,4604.3109790910685,0.1727928519248962,1385.4423602330987,3058.3374140575725,32.0,2022-03-22 22:05:02.077,2459661.4201629283,-8.705520810733933,0.32159857225472255,-0.007517342705716094,3035.346843606388,,0.3215713835451224,2022,black,0.019632117242536065,10.616178112068404
65,20,20,1149.839712590876,885.8414543176485,3907.759379049696,0.1314448714256286,1385.442360233099,1865.1650051114004,32.0,2022-03-24 21:43:48.203,2459663.4054190163,-8.39866588385123,0.5630635448333834,0.22673030755089343,2288.0544403534723,,0.5630096715630852,2022,black,0.025139185846698345,10.923033038951107
66,19,19,1147.6221652513757,899.2473250077068,7150.583809729418,0.2229574918746948,1385.4423602330987,4516.467583808475,32.0,2022-03-20 22:43:59.184,2459659.4472127776,-9.029667240053126,0.1064250197513213,-0.09412557529641416,4091.3524741748965,,0.10642435019377036,2022,black,0.016155127468622212,10.292031682749212
67,31,31,1152.7639165819076,890.3300096271252,4369.5647525042505,0.1376547515392303,1385.442360233099,3047.392410607776,32.0,2022-03-22 22:07:53.177,2459661.422143252,-8.685090002821457,0.3258294995018147,-0.02252058665450282,2978.7633457544093,,0.32580228417394963,2022,black,0.0196673409638222,10.63660891998088
68,20,20,1149.7905463540085,885.7552308358598,3884.319824468376,0.1120352745056152,1385.442360233099,1841.1829078157975,32.0,2022-03-24 21:46:21.669,2459663.407195243,-8.361279205471009,0.5668584223734392,0.20064536215683623,2210.607719151475,,0.5668045252282177,2022,black,0.025302379808224428,10.960419717331328
69,21,21,1147.6311088920677,899.2237474129458,7272.750125260134,0.1846574544906616,1385.4423602330987,4621.106549094699,32.0,2022-03-20 22:46:17.721,2459659.448816215,-9.005082288258095,0.1098507361638413,-0.13446041854335972,3999.7506283699654,,0.10985004505389322,2022,black,0.01597117420414571,10.316616634544243
70,32,32,1152.7862032282933,890.2312733740469,4331.958779757106,0.1273692846298217,1385.442360233099,3028.2269031832293,32.0,2022-03-22 22:10:40.137,2459661.42407566,-8.678684487875985,0.3299580548788086,-0.02212041017769169,2961.241281973695,,0.3299308135767376,2022,black,0.019729479644444953,10.643014434926352
71,20,20,1149.747975037042,885.7219172725445,3859.230803428861,0.124994158744812,1385.4423602330987,1833.1120561415871,32.0,2022-03-24 21:48:52.741,2459663.4089437616,-8.334140658322603,0.5705941017348284,0.17616228627620514,2156.0372669519643,,0.5705401810871233,2022,black,0.025358019470464607,10.987558264479734
72,19,19,1147.7213395015272,899.2550445869199,7345.101778986162,0.2121393680572509,1385.442360233099,4664.907738914346,32.0,2022-03-20 22:48:38.951,2459659.450450822,-9.025994427221844,0.1133430446824555,-0.12591289757103216,4077.5356886061086,,0.1133423316011557,2022,black,0.015896016628708355,10.295704495580493
73,33,33,1152.8133390036205,890.3008273551432,4330.56487766268,0.1414135694503784,1385.442360233099,3038.699326874823,32.0,2022-03-22 22:13:38.310,2459661.4261378474,-8.706929316256657,0.33436388253440796,0.00019342860771446446,3039.2870982548834,,0.33433661351371313,2022,black,0.019695452948716184,10.61476960654568
74,21,21,1149.7800337790668,885.9316607864647,3834.029025941925,0.0980962514877319,1385.442360233099,1834.0122811487847,32.0,2022-03-24 21:53:24.269,2459663.412086447,-8.282046377711676,0.5773083937210135,0.12051148304982426,2055.031821081616,,0.5772544308313154,2022,black,0.025351795214102073,11.03965254509066
75,21,21,1147.7296806836482,899.139749394695,7427.006624370043,0.210870087146759,1385.442360233099,4724.851330559379,32.0,2022-03-20 22:50:54.743,2459659.452022488,-9.044865873280553,0.11670088261264797,-0.12187123930078102,4149.027843392163,,0.11670014840599864,2022,black,0.01579485938537437,10.276833049521784
76,32,32,1152.7745048921106,890.3254314270004,4244.011085370354,0.138442575931549,1385.442360233099,2978.930381171669,32.0,2022-03-22 22:16:24.280,2459661.428058796,-8.670764702106279,0.3384679559730026,-0.013162766422315302,2939.7194163759677,,0.33844066113212534,2022,black,0.019892055441026624,10.650934220696058
77,22,22,1149.8049072199888,885.8966200071702,3838.804576181195,0.1230510473251342,1385.442360233099,1874.8540395950336,32.0,2022-03-24 21:55:57.422,2459663.4138590507,-8.307836279010205,0.5810955311163681,0.12245011493461296,2104.4301322290685,,0.5810415444004473,2022,black,0.02507414346459706,11.013862643792132
78,19,19,1147.640339620874,899.3440384356564,7527.908537594759,0.1974676847457885,1385.442360233099,4790.811758829555,32.0,2022-03-20 22:53:10.907,2459659.4535984606,-9.040839604821675,0.12006792017240722,-0.1371670233080189,4133.670370641851,,0.12006716478253023,2022,black,0.015685749836677004,10.280859317980662
79,33,33,1152.7699798904,890.1037221885592,4206.573703486578,0.1370744407176971,1385.442360233099,2968.7818655812694,32.0,2022-03-22 22:19:23.720,2459661.430135648,-8.665792883226473,0.3429051143017201,-0.014313372238424688,2926.28858564452,,0.34287779154510556,2022,black,0.019926026041659686,10.655906039575864
80,21,21,1149.7733950346974,885.9595658885096,3818.803209603376,0.1101841926574707,1385.4423602330987,1844.572190501373,32.0,2022-03-24 21:58:32.439,2459663.415653229,-8.275577526785815,0.5849287621677703,0.10747862787037406,2042.8242785443108,,0.5848747513356329,2022,black,0.025279123373028546,11.046121396016522
81,21,21,1147.6008377839994,899.0905617215285,7531.305060634226,0.2090620994567871,1385.4423602330987,4780.788401123523,32.0,2022-03-20 22:55:28.454,2459659.4551904397,-9.054740103418062,0.12346915564140501,-0.124216982926098,4186.933289927875,,0.12346837885314918,2022,black,0.01570218452757412,10.266958819384275
82,33,33,1152.7199710006887,890.1708630625421,4193.076197638219,0.1426504552364349,1385.442360233099,2976.6894452555207,32.0,2022-03-22 22:22:07.929,2459661.4320362154,-8.675931736945188,0.3469656429596819,-0.007708737523353427,2953.742927633509,,0.3469382946568418,2022,black,0.019899541683005728,10.64576718585715
83,23,23,1149.6748793191591,885.891921687143,3823.160670979359,0.1072661876678466,1385.442360233099,1860.8840892426963,32.0,2022-03-24 22:01:08.792,2459663.4174628705,-8.33610285725177,0.5887950291118287,0.1607049064513149,2159.937292721184,,0.5887409939556338,2022,black,0.025168085260099556,10.985596065550567
84,20,20,1147.6998980525443,899.1104132921145,7613.7020911896,0.2046049237251281,1385.4423602330987,4850.66458632615,32.0,2022-03-20 22:57:51.827,2459659.4568498493,-9.08129795425096,0.1270144552997667,-0.11545906392571076,4290.611393771338,,0.12701365620677313,2022,black,0.015588675449455741,10.240400968551377
85,34,34,1152.7955650710442,890.2031798025173,4136.301114952299,0.1256150007247924,1385.442360233099,2923.7933778191154,32.0,2022-03-22 22:24:58.438,2459661.434009699,-8.660037182477621,0.35118195645542727,-0.004438267345585438,2910.816801145102,,0.3511545816262629,2022,black,0.020078741973959497,10.661661740324716
86,22,22,1149.793853399711,885.9758633675983,3777.354543603337,0.0964240431785583,1385.442360233099,1828.7366605010177,32.0,2022-03-24 22:03:55.693,2459663.419394595,-8.327249034032615,0.5929221250039554,0.17151658810963608,2142.395333061162,,0.5928680638827366,2022,black,0.025388336870600478,10.994449888769722
87,20,20,1147.6809761414445,899.2126578854984,7649.678886124202,0.2275906205177307,1385.4423602330987,4888.0607456706575,32.0,2022-03-20 23:00:07.916,2459659.4584249537,-9.068949353251664,0.13037963840840533,-0.13215303920817173,4242.088662296118,,0.1303788181438511,2022,black,0.01552893029837142,10.252749569550673
88,31,31,1152.8598601566796,890.3395886446357,4131.87142644033,0.1489358842372894,1385.442360233099,2922.5055236113963,32.0,2022-03-22 22:27:53.438,2459661.436035162,-8.641781831434841,0.3555093221249326,-0.020606106415209123,2862.2840637928234,,0.3554819200707753,2022,black,0.020083165514651544,10.679917091367496
89,27,27,1149.7106143330102,885.8626993944602,3356.4224817360223,0.0921472311019897,1385.442360233099,1835.7122489065173,32.0,2022-03-24 22:06:32.870,2459663.421213773,-8.30668990686784,0.5968087670332878,0.14517367754499824,2102.209346994676,,0.5967546814598244,2022,black,0.025340053935832812,11.015009015934497
90,20,20,1147.6545767866432,899.1345835325462,7611.546829130176,0.2056358456611633,1385.442360233099,4847.942007912523,32.0,2022-03-20 23:02:23.773,2459659.4599973727,-9.089349428507333,0.1337390840601702,-0.1083747571136909,4322.547470303744,,0.1337382426601517,2022,black,0.01559305209362395,10.232349494295004
91,34,34,1152.7410817331486,890.1261106346046,4115.562136438042,0.1318719387054443,1385.442360233099,2915.727602543123,32.0,2022-03-22 22:30:44.418,2459661.438014097,-8.65359508762534,0.35973728264818217,-0.007590102751252329,2893.596930445158,,0.3597098539944259,2022,black,0.02010649469923456,10.668103835176998
92,33,33,1149.717560911051,885.9031057887954,3341.1974292418963,0.0881181955337524,1385.442360233099,1847.7657816452,32.0,2022-03-24 22:09:09.809,2459663.4230301967,-8.330104060404928,0.6006895243639185,0.1625046638621588,2148.036338887452,,0.600635414375235,2022,black,0.02525726830392299,10.99159486239741
93,18,18,1147.6373586435934,899.237439275176,7622.092612361515,0.2151427268981933,1385.442360233099,4778.165622265843,32.0,2022-03-20 23:10:52.826,2459659.46588919,-9.053563240897882,0.146326848552845,-0.12468555197437328,4182.397404228652,,0.14632592795873486,2022,black,0.015706493472776487,10.268135681904456
94,34,34,1152.8134789670332,890.2343092452204,4066.981427967159,0.1405927836894989,1385.442360233099,2893.363020467613,32.0,2022-03-22 22:33:39.330,2459661.440038542,-8.65236841581949,0.3640624735161051,-0.0010484161478986666,2890.329571955222,,0.3640350176510383,2022,black,0.02018405284515364,10.669330506982847
95,32,32,1149.7778403145828,885.8667290352911,3358.1678587334627,0.1105945110321044,1385.442360233099,1884.5414149932435,32.0,2022-03-24 22:11:43.440,2459663.424808333,-8.291385862829596,0.6044884818954142,0.09988849456778974,2072.785419887571,,0.6044343480061407,2022,black,0.025009614343556426,11.030313059972741
96,18,18,1147.6421085786046,899.1720041899562,7609.73775717957,0.1874674558639526,1385.442360233099,4776.218008057338,32.0,2022-03-20 23:13:14.777,2459659.467532141,-9.062883118994776,0.14983698527107386,-0.11677957082807987,4218.453318895055,,0.1498360425934485,2022,black,0.015709695490771867,10.258815803807561
97,34,34,1152.8423495970162,890.3441962138539,3965.489272596532,0.1092928647994995,1385.4423602330987,2769.9030050541583,32.0,2022-03-22 22:36:33.046,2459661.4420491434,-8.625768455671656,0.3683580886743094,0.01822280776302673,2820.37841503749,,0.36833060578400456,2022,black,0.020628970608971856,10.695930467130681
98,33,33,1149.709897354389,885.9102550531028,3313.358972501936,0.1032127737998962,1385.442360233099,1884.2811486990304,32.0,2022-03-24 22:14:25.080,2459663.4266791665,-8.310671304983693,0.6084854846588446,0.11975450596502037,2109.9323067606842,,0.6084313256230107,2022,black,0.02501134151014606,11.011027617818645
99,19,19,1147.617657835945,899.1647969199072,7590.854221392276,0.2158105373382568,1385.442360233099,4747.352346957658,32.0,2022-03-20 23:15:33.950,2459659.46914294,-9.05127121030553,0.15327842870253966,-0.12086206976120371,4173.577516418647,,0.1532774643735729,2022,black,0.01575738349485414,10.270427712496808
100,35,35,1152.8673239649477,890.2179098282724,4002.463202766738,0.1524588465690612,1385.4423602330987,2837.75612128337,32.0,2022-03-22 22:39:46.408,2459661.4442871297,-8.625446923534746,0.37313950734885637,-0.006418033978041995,2819.5433060755763,,0.3731119943769503,2022,black,0.020380850497185937,10.696251999267592
101,34,34,1149.7122375481151,885.9227098443819,3276.610808904563,0.0958762168884277,1385.4423602330987,1881.0375163619487,32.0,2022-03-24 22:17:01.665,2459663.428491493,-8.302538406151864,0.6123574890597769,0.11331460152511104,2094.186532982287,,0.6123033056637883,2022,black,0.025032896809212613,11.019160516650473
102,18,18,1147.6137645075771,899.2757110506578,7558.360262450791,0.198298692703247,1385.442360233099,4693.058245515614,32.0,2022-03-20 23:17:57.021,2459659.4707988543,-9.049785242568504,0.1568162608125583,-0.11190760158216169,4167.869353174573,,0.15681527422583477,2022,black,0.015848270153793424,10.271913680233833
103,25,25,1152.822205651357,890.5841635365555,3963.3949497858503,0.1348545253276825,1385.442360233099,2798.461643680599,32.0,2022-03-22 22:42:37.655,2459661.446269155,-8.59003333244884,0.3773740698772752,-0.024799367628360477,2729.061564585098,,0.3773465302642345,2022,black,0.02052344011401188,10.731665590353497
104,33,33,1149.7548387038742,885.845964569597,3288.340037104661,0.1147950291633606,1385.4423602330987,1882.5240005576857,32.0,2022-03-24 22:19:43.799,2459663.430368044,-8.30681563696358,0.6163667069256018,0.11682655832222259,2102.452800501822,,0.6163124983062005,2022,black,0.025023011582241496,11.014883285838756
105,18,18,1147.5590441616275,899.2443576193626,7552.902930221015,0.2009299993515014,1385.4423602330987,4664.608663232253,32.0,2022-03-20 23:20:23.628,2459659.4724956946,-9.040104816401785,0.16044153069086567,-0.11442221818193798,4130.873793034534,,0.16044052129628333,2022,black,0.015896526214416173,10.281594106400552
106,32,32,1152.8356268784105,890.3063826338098,3955.024474520012,0.1252659559249878,1385.4423602330987,2800.1141289436173,32.0,2022-03-22 22:45:28.242,2459661.4482435416,-8.600481976680408,0.3815923124399321,-0.015950244663949512,2755.4516234999846,,0.3815647462884302,2022,black,0.020517383273838414,10.72121694612193
107,33,33,1149.7293040813108,885.8908649259063,3263.0090330957264,0.1144707798957824,1385.442360233099,1882.5579006764208,32.0,2022-03-24 22:22:19.423,2459663.432169248,-8.299210621959238,0.6202149476894796,0.10901113418938933,2087.777672606353,,0.6201607148594324,2022,black,0.025022786280570204,11.022488300843099
108,18,18,1147.530173345719,899.2707631721622,7543.475620138319,0.1772782802581787,1385.442360233099,4641.792356875161,32.0,2022-03-20 23:22:43.239,2459659.4741115626,-9.029583599796156,0.1638938043556465,-0.11865137595495538,4091.037306834728,,0.16389277324158594,2022,black,0.015935547283394677,10.29211532300618
109,36,36,1152.708844398157,890.2903969249089,3912.9419872180233,0.1231507062911987,1385.442360233099,2781.8009994901518,32.0,2022-03-22 22:52:05.415,2459661.4528404516,-8.593681988846631,0.39141353034427695,-0.015656366532008078,2738.2481034230277,,0.39138590240400983,2022,black,0.020584807423725076,10.728016933955706
110,34,34,1149.7482193294366,885.8902806430305,3268.206994732577,0.1145232915878295,1385.442360233099,1908.9089173390796,32.0,2022-03-24 22:25:04.692,2459663.4340820834,-8.323252486545451,0.6243016873824327,0.11819047335390273,2134.5237658688716,,0.6242474288412563,2022,black,0.024849475956799028,10.998446436256886
111,18,18,1147.6046181011257,899.2320822545583,7519.980955461906,0.1823176145553589,1385.442360233099,4610.688386118047,32.0,2022-03-20 23:25:05.925,2459659.475763021,-9.021528291336367,0.1674221164856365,-0.11926441226156698,4060.7973456264453,,0.16742106317371278,2022,black,0.01598920799816562,10.30017063146597
112,33,33,1152.7865836835138,890.3144002324915,3890.816155386623,0.1249385476112365,1385.442360233099,2778.079793782262,32.0,2022-03-22 22:55:36.879,2459661.4552879515,-8.561715232457555,0.3966425711375745,-0.04293512559397649,2658.8025889261326,,0.3966149102995571,2022,black,0.020598589365646465,10.759983690344782
113,35,35,1149.7253862185837,885.89830645254,3238.9358790843457,0.0955496728420257,1385.4423602330987,1895.515351384764,32.0,2022-03-24 22:27:37.030,2459663.4358452545,-8.299049290317926,0.6280686715501336,0.10126645358421311,2087.4674687339325,,0.6280143893095218,2022,black,0.02493711366368854,11.022649632484411
114,17,17,1147.6334711802715,899.2155809818117,7508.946802491249,0.2387524843215942,1385.4423602330987,4627.3125157013965,32.0,2022-03-20 23:27:32.022,2459659.4774539582,-9.026131868326253,0.1710347743055446,-0.11869970436102968,4078.0518881015482,,0.171033698265109,2022,black,0.01596046066053427,10.295567054476084
115,24,24,1152.476797533034,889.6091313429954,3890.729435704789,0.1628667116165161,1385.442360233099,2786.72660796077,32.0,2022-03-22 22:58:49.454,2459661.4575168286,-8.601501701608026,0.40140452802412696,-0.010293742047093716,2758.040763102649,,0.40137683722694906,2022,black,0.020566607298766366,10.720197221194312
116,34,34,1149.7524728671517,885.8241302172399,3256.508999655107,0.1015529036521911,1385.4423602330987,1918.804204868823,32.0,2022-03-24 22:30:13.658,2459663.4376580785,-8.313144990206535,0.6319417384799255,0.10211606916798524,2114.744947773029,,0.6318874318724781,2022,black,0.02478531866898436,11.008553932595802
117,18,18,1147.5708473064394,899.3151147925712,7512.736198561977,0.1975688934326172,1385.4423602330987,4607.473970118153,32.0,2022-03-20 23:29:53.329,2459659.479089456,-9.003365637266466,0.17452898701913994,-0.13327092690111011,3993.4316434477696,,0.17452788899537267,2022,black,0.015994784481651144,10.318333285535871
118,34,34,1152.806906645053,890.2644270200806,3843.7724318253,0.1372727155685424,1385.442360233099,2763.8768330889334,32.0,2022-03-22 23:01:53.660,2459661.4596488425,-8.563059603288531,0.4059595385123389,-0.03682510179699297,2662.096787356083,,0.40593181905797504,2022,black,0.020651447376986334,10.758639319513806
119,31,31,1149.755174287347,885.8787007549333,3205.342214328628,0.1118445396423339,1385.442360233099,1904.289441754667,32.0,2022-03-24 22:32:46.001,2459663.4394213078,-8.263571011052239,0.6357088470072778,0.060951289356979244,2020.3583385384961,,0.6356545166996135,2022,black,0.024879597957470655,11.058127911750098
120,18,18,1147.5017017314724,899.1718851744708,7490.733139623601,0.2117270231246948,1385.442360233099,4565.789410365309,32.0,2022-03-20 23:32:14.757,2459659.4807263543,-8.992974613621746,0.1780261913285077,-0.13368872060421885,3955.39486554528,,0.17802507130258757,2022,black,0.016067632856074553,10.328724309180592
121,36,36,1152.7766622522067,890.3430028780035,3826.52262172067,0.1418324708938598,1385.442360233099,2755.6680390054707,32.0,2022-03-22 23:04:58.049,2459661.4617829747,-8.541065426089004,0.4105190746969818,-0.05332856849789369,2608.712207229911,,0.41049132655695875,2022,black,0.02068218355728221,10.780633496713333
122,34,34,1149.7562040880546,885.9023382635328,3229.4818713666527,0.1187769770622253,1385.442360233099,1952.012282737204,32.0,2022-03-24 22:35:22.233,2459663.441229549,-8.298605202015406,0.6395721223555633,0.06895527497984542,2086.6138264573838,,0.6395177677426638,2022,black,0.024573587556464747,11.023093720786932
123,18,18,1147.5771788049606,899.2852711713639,7467.522666861254,0.2139118909835815,1385.4423602330987,4527.864881907962,32.0,2022-03-20 23:34:36.873,2459659.4823712152,-9.02781792167817,0.18154040803817736,-0.09794356231514045,4084.3896656922734,,0.18153926590307334,2022,black,0.016134782248333823,10.293881001124166
124,34,34,1152.838741112478,890.2088488616494,3821.2755820706,0.1372262835502624,1385.442360233099,2755.9131914578065,32.0,2022-03-22 23:07:59.410,2459661.4638820603,-8.562845204975604,0.41500373443299843,-0.03423258461337462,2661.571159944112,,0.41497595807839005,2022,black,0.020681263644275437,10.758853717826733
125,26,26,1149.750583442623,885.7774258763134,3202.4607675181046,0.1136410236358642,1385.442360233099,1940.478337306808,32.0,2022-03-24 22:37:54.887,2459663.442996377,-8.2835090242895,0.6433469202888755,0.060461267529776305,2057.80211719445,,0.6432925419273818,2022,black,0.024646510425875463,11.038189898512837
126,17,17,1147.6407439576924,899.2886073120674,7411.32638689355,0.2291487455368042,1385.442360233099,4485.554887746679,32.0,2022-03-20 23:37:00.556,2459659.484034213,-8.977900639952736,0.18509337322544706,-0.13035084228011817,3900.8590300351984,,0.1850922087373787,2022,black,0.01621069930921195,10.343798282849601
127,33,33,1152.8617559759691,890.3142510263953,3820.798917834679,0.1411127150058746,1385.4423602330987,2770.727478411859,32.0,2022-03-22 23:11:04.612,2459661.466025602,-8.592565032281104,0.4195833741014372,-0.012738500352202616,2735.432565452252,,0.41955556893469037,2022,black,0.020625901143960117,10.729133890521233
128,24,24,1149.723558566959,885.792987620986,3194.8902939738523,0.0968195796012878,1385.442360233099,1929.3324494702788,32.0,2022-03-24 22:40:34.314,2459663.444841597,-8.25444707759625,0.6472892008262132,0.038416935175335704,2003.4514891132499,,0.6472347976624349,2022,black,0.024717600204114242,11.067251845206087
129,18,18,1147.4288344893648,899.0454168608555,7390.901507531515,0.2294948101043701,1385.442360233099,4443.49568411396,32.0,2022-03-20 23:42:58.982,2459659.488182662,-8.970074432253739,0.193956462693559,-0.12842450702868768,3872.8419413975234,,0.19395524244465084,2022,black,0.01628723851993848,10.351624490548598
130,34,34,1152.8024642351477,890.1981013160814,3770.603260214348,0.1559598743915558,1385.4423602330987,2732.3324964317558,32.0,2022-03-22 23:14:08.268,2459661.46815125,-8.522129444328092,0.4241247836233031,-0.06175074036537729,2563.6089418527154,,0.4240969498849383,2022,black,0.020770314096806516,10.799569478474245
131,33,33,1149.7861619501994,885.9274028282015,3226.4411038542785,0.1062901318073272,1385.4423602330987,1976.1439454105744,32.0,2022-03-24 22:43:10.781,2459663.4466525577,-8.30124745454662,0.6511582862574095,0.05847451450850946,2091.6980032173883,,0.6511038587518421,2022,black,0.024423086621615624,11.020451468255716
132,18,18,1147.6361107377652,899.2770059210663,7355.243818856,0.1847962141036987,1385.442360233099,4396.242610694368,32.0,2022-03-20 23:45:15.956,2459659.489768009,-8.96176666561343,0.19734352912132286,-0.12577139042832536,3843.3210648870863,,0.19734228756317831,2022,black,0.016374536368631953,10.359932257188907
133,34,34,1152.7657230666678,890.2619586531425,3739.745740653256,0.1328674554824829,1385.4423602330987,2706.4975020495576,32.0,2022-03-22 23:17:15.916,2459661.470323102,-8.532507614065914,0.4287649078466398,-0.04369722716826318,2588.2310658721613,,0.42873704491560716,2022,black,0.020869210638542923,10.789191308736424
134,34,34,1149.7470558781038,885.9634962721819,3218.037175346257,0.1269729137420654,1385.442360233099,1979.1467503786275,32.0,2022-03-24 22:45:29.862,2459663.4482622915,-8.305776489857662,0.6545974544046942,0.06128639854219712,2100.4415268958264,,0.6545430052621004,2022,black,0.02440455196662632,11.015922432944675
135,16,16,1147.524761489385,899.2440592819846,7339.716933914808,0.2420072555541992,1385.442360233099,4349.039819434293,32.0,2022-03-20 23:47:31.755,2459659.491339757,-8.980859188168415,0.2007015411550272,-0.10060536789627784,3911.5030684045446,,0.20070027847043778,2022,black,0.016463157984565522,10.340839734633922
136,36,36,1152.7523508297088,890.3343101345298,3736.873151023388,0.1292648017406463,1385.442360233099,2720.8293382678025,32.0,2022-03-22 23:20:17.023,2459661.4724192475,-8.553991120246156,0.43324328592794803,-0.029724319301690092,2639.9545382517244,,0.43321539482185045,2022,black,0.02081417429147328,10.767707802556181
137,34,34,1149.746073908396,885.8999663666582,3190.2536414678034,0.1041911244392395,1385.4423602330987,1938.452351476263,32.0,2022-03-24 22:47:51.855,2459663.4499057294,-8.26131405352694,0.6581086307696076,0.040088971037193215,2016.162911651574,,0.6580541595369578,2022,black,0.02465938679103267,11.060384869275397
138,19,19,1147.624179286293,899.2264795305333,7331.39686026762,0.2212623357772827,1385.442360233099,4335.223300876512,32.0,2022-03-20 23:49:49.366,2459659.492932477,-8.961495879750045,0.20410435947366712,-0.1136874892144005,3842.362648616096,,0.2041030753807406,2022,black,0.01648937146499955,10.360203043052293
139,33,33,1152.784299437247,890.1962833320214,3697.995134852482,0.1338988840579986,1385.442360233099,2686.9759117457834,32.0,2022-03-22 23:23:21.428,2459661.474553565,-8.512909190382459,0.43780321807372147,-0.05398090384292802,2541.9305234255703,,0.43777529827947337,2022,black,0.02094488360729855,10.808789732419879
140,33,33,1149.738029803246,885.9270848755314,3188.9644441690543,0.096218466758728,1385.442360233099,1946.287946391016,32.0,2022-03-24 22:50:10.329,2459663.4515084373,-8.284783611536174,0.6615327882095396,0.05853775240239766,2060.219268300624,,0.6614782954342999,2022,black,0.02460969840050566,11.036915311266164
141,16,16,1148.145446661561,899.3370035549846,7278.540365373925,0.2181177139282226,1385.4423602330987,4284.3199597542325,32.0,2022-03-20 23:52:05.387,2459659.494506794,-8.97067185417699,0.20746786024494254,-0.09554524879171446,3874.9735432962066,,0.20746655499103955,2022,black,0.016587039895915305,10.351027068625347
142,32,32,1152.938406042617,890.3302466470222,3679.3424900632335,0.1286088228225708,1385.442360233099,2664.22000897633,32.0,2022-03-22 23:26:31.830,2459661.4767572917,-8.517063711450202,0.4425114416421261,-0.04224285858198227,2551.675739905855,,0.4424834922267742,2022,black,0.02103414168631749,10.804635211352135
143,34,34,1149.7489736367827,885.8470278995156,3196.4146685963624,0.1069684922695159,1385.442360233099,1959.6207541964932,32.0,2022-03-24 22:52:36.662,2459663.4532021065,-8.295667525467495,0.6651512829740422,0.06192777441857285,2080.975706208327,,0.6650967674335675,2022,black,0.024525836155222476,11.026031397334842
144,18,18,1147.54124428427,899.2163857277458,7240.958076845738,0.1962867975234985,1385.442360233099,4230.988738012722,32.0,2022-03-20 23:54:19.538,2459659.4960594676,-8.931108260657405,0.21078512011834463,-0.1169171818395463,3736.3134583694164,,0.21078379399438307,2022,black,0.01669125158154686,10.390590662144932
145,36,36,1152.7581565190146,890.2199022650528,3667.9104744994393,0.1436206102371215,1385.442360233099,2663.466753479516,32.0,2022-03-22 23:29:40.421,2459661.478940058,-8.54141993511753,0.44717488379752623,-0.020237768594699196,2609.564129662923,,0.4471469050428052,2022,black,0.021037115810692557,10.780278987684808
146,33,33,1149.5689709499832,885.7896158445826,3198.526767313676,0.1159012913703918,1385.4423602330987,1972.9201332295768,32.0,2022-03-24 22:57:30.259,2459663.45660022,-8.301742974489066,0.6724112929668244,0.06068807217886752,2092.6528526781544,,0.6723567317510533,2022,black,0.02444303251426481,11.019955948313271
147,18,18,1147.470447064968,899.2087078198495,7238.7788660941505,0.2207610607147216,1385.4423602330987,4219.328324947962,32.0,2022-03-20 23:56:36.620,2459659.497646065,-8.908834578522296,0.21417485779141907,-0.13245799802903682,3660.4445419981457,,0.21417351034141535,2022,black,0.01671429939771702,10.412864344280042
148,34,34,1152.8503058423698,890.2539945746793,3646.390252621357,0.1406755149364471,1385.442360233099,2650.968760945661,32.0,2022-03-22 23:32:43.127,2459661.4810547107,-8.487506134771085,0.4516928022786937,-0.0633057724232504,2483.147135864089,,0.4516647951001449,2022,black,0.021086647242828393,10.834192788031253
149,33,33,1149.7101734998623,885.8638169153945,3158.2614979603377,0.0939971506595611,1385.442360233099,1933.4776790368328,32.0,2022-03-24 22:59:51.725,2459663.4582375577,-8.268901701525603,0.6759094364402785,0.05007789874263366,2030.3021784687814,,0.6758548532164461,2022,black,0.02469108965684345,11.052797221276734
150,18,18,1147.4918215844632,899.2197829427173,7226.179153206701,0.2075175046920776,1385.442360233099,4182.318484015419,32.0,2022-03-20 23:58:53.031,2459659.4992248956,-8.940468708187181,0.21754800190749723,-0.09890541065407686,3768.6645568677377,,0.21754663323584736,2022,black,0.016788089938040207,10.381230214615156
151,38,38,1152.7887640584183,890.2234232817335,3638.242918831049,0.1302708089351654,1385.4423602330987,2633.070316035234,32.0,2022-03-22 23:35:48.337,2459661.4831983447,-8.488894061667725,0.45627263893282066,-0.05573222759526754,2486.3234419076152,,0.4562446029408944,2022,black,0.021158194702465292,10.832804861134612
152,35,35,1149.658089780996,885.8225370505894,3160.985004908167,0.1007007360458374,1385.4423602330987,1953.684604307692,32.0,2022-03-24 23:02:28.013,2459663.460046447,-8.302722346759946,0.679774096657642,0.07209799688498694,2094.541350823315,,0.6797194891198615,2022,black,0.02456306801345438,11.018976576042391
153,18,18,1147.4007808748725,899.2447718836346,7213.514590922704,0.1904361248016357,1385.442360233099,4150.397371420408,32.0,2022-03-21 00:01:10.282,2459659.5008134493,-8.921488584504448,0.22094191905973354,-0.10771055755589172,3703.355756466208,,0.22094052903574696,2022,black,0.016852525701720196,10.400210338297889
154,36,36,1152.789372013426,890.2692627233804,3593.286383992961,0.1232280135154724,1385.442360233099,2592.2352065132936,32.0,2022-03-22 23:38:50.115,2459661.485302257,-8.489426450200995,0.4607676105711249,-0.04038688378220493,2487.5429044917014,,0.4607395462997381,2022,black,0.02132419451783681,10.832272472601343
155,34,34,1149.6482967711663,885.8096775414613,3168.223177685592,0.1070406436920166,1385.442360233099,1969.6360791395216,32.0,2022-03-24 23:05:02.676,2459663.4618365276,-8.25598247949506,0.6835985727895899,0.0186078079940825,2006.2866891183673,,0.6835439411906723,2022,black,0.024463401456864674,11.065716443307277
156,18,18,1147.4920892928496,899.1749604323768,7144.159670243414,0.1990329027175903,1385.442360233099,4053.6667528398175,32.0,2022-03-21 00:03:27.835,2459659.5024054977,-8.900082644869054,0.22434330276543574,-0.10425371643905695,3631.0569286508226,,0.2243418913421377,2022,black,0.01705241197361222,10.421616277933284
157,34,34,1152.856412020965,890.2996557255708,3596.084135544813,0.1233637928962707,1385.4423602330987,2603.3019861769576,32.0,2022-03-22 23:41:48.746,2459661.4873697455,-8.456733938242566,0.46518476390889063,-0.07280938815811883,2413.7571613725977,,0.465156671847625,2022,black,0.02127882108444742,10.864964984559771
158,34,34,1149.5890109522404,885.8179218415964,3177.097385995049,0.1096332669258117,1385.4423602330987,1979.672418897699,32.0,2022-03-24 23:07:44.018,2459663.463703912,-8.271907228738005,0.6875882074924,0.028417738818129257,2035.9302326433879,,0.687533550793276,2022,black,0.02440131164355749,11.049791694064332
159,18,18,1147.493168159056,899.101329495166,7120.118305454444,0.1862645149230957,1385.442360233099,4001.5066461094975,32.0,2022-03-21 00:05:42.433,2459659.5039633447,-8.922099000739365,0.22767161572464803,-0.0739891874483195,3705.4384207948056,,0.22767018336175254,2022,black,0.01716319222544375,10.399599922062972
160,34,34,1152.7728098678078,890.3045391195085,3549.678974780588,0.1501865684986114,1385.4423602330987,2559.838571285216,32.0,2022-03-22 23:44:49.898,2459661.489466412,-8.460822347204587,0.46966425525779787,-0.05350928001145633,2422.863452390189,,0.4696361350144631,2022,black,0.021458706931001086,10.86087657559775
161,33,33,1149.6268261527705,885.8125760440208,3175.0187927925786,0.1124548316001892,1385.442360233099,1985.0669180457608,32.0,2022-03-24 23:10:24.950,2459663.465566551,-8.290257285464348,0.6915677024066778,0.04310436425973719,2070.631965561159,,0.69151302067114,2022,black,0.02436813331470879,11.03144163733799
162,18,18,1147.470419136141,899.1997949055866,7118.042568811757,0.1847517490386963,1385.4423602330987,3997.3319215350593,32.0,2022-03-21 00:07:58.215,2459659.5055348957,-8.892199030876348,0.23102920692529227,-0.0982017242050452,3604.78703462045,,0.2310277534385995,2022,black,0.01717215231478504,10.429499891925989
163,31,31,1152.7223828147028,890.3019830095415,3526.4998377090837,0.1480965614318847,1385.442360233099,2544.2840586617644,32.0,2022-03-22 23:47:52.200,2459661.491576389,-8.451356117614061,0.47417218417689355,-0.0559894449525551,2401.831006415658,,0.47414403557257856,2022,black,0.021524201021275776,10.870342805188276
164,33,33,1149.4683349424,885.9196954233242,3170.525850962389,0.1066257357597351,1385.442360233099,1970.6075408751349,32.0,2022-03-24 23:13:07.327,2459663.467445914,-8.265749211029586,0.695582929330854,0.02730533630990785,2024.415642513571,,0.695528222334099,2022,black,0.024457370781656267,11.055949711772751
165,36,36,1152.7434749296403,890.3710287632492,3543.1741929579066,0.1440204381942749,1385.442360233099,2555.731341044742,32.0,2022-03-22 23:50:44.351,2459661.493568877,-8.472437114501659,0.47842910060135857,-0.04179232079165957,2448.9213969825014,,0.478400925215273,2022,black,0.02147594279358864,10.849261808300678
166,34,34,1149.6451088361916,885.8275088792994,3138.9444791082133,0.1020985841751098,1385.4423602330987,1966.5161146916985,32.0,2022-03-24 23:15:44.876,2459663.469269398,-8.277275120542942,0.699478770989753,0.040429215084520014,2046.020817659744,,0.6994240394828761,2022,black,0.024482799897848278,11.044423802259395
167,26,26,1152.756889368847,890.4585617439412,3516.2362685919697,0.1283587217330932,1385.442360233099,2530.5110557133653,32.0,2022-03-22 23:53:39.295,2459661.495593692,-8.437098007832816,0.48275508239666376,-0.06323433547347074,2370.4958706970597,,0.4827268797942921,2022,black,0.021582697228176725,10.884600914969521
168,23,23,1149.6016977028976,885.8425456848748,3133.267784316972,0.0977103412151336,1385.4423602330987,1968.0995828158643,32.0,2022-03-24 23:18:21.037,2459663.4710768173,-8.265474762550081,0.7033402903797619,0.028354459487352712,2023.9039827038928,,0.703285534578697,2022,black,0.024472948888652382,11.056224160252256
169,34,34,1152.768858512893,890.2684707705536,3507.5328307226573,0.1381126940250396,1385.4423602330987,2531.9241814424136,32.0,2022-03-22 23:56:40.714,2459661.4976934493,-8.45203941912082,0.4872411767456182,-0.05078395412329907,2403.3430599683707,,0.4872129459196355,2022,black,0.02157667348510295,10.869659503681516
170,34,34,1149.5397772353915,885.6543036476955,3116.71265217417,0.0976354479789733,1385.442360233099,1956.7758176364944,32.0,2022-03-24 23:20:59.409,2459663.4729098263,-8.23460536872327,0.7072564822520047,0.005312482199639883,1967.1711543363742,,0.707201701812787,2022,black,0.024543658612103413,11.087093554079066
171,36,36,1152.7496772605125,890.3329431250012,3484.091391842644,0.1049848794937133,1385.442360233099,2496.4012990030624,32.0,2022-03-22 23:59:46.096,2459661.499839074,-8.408609584756778,0.49182526649981995,-0.07502619458703459,2309.1058093767324,,0.49179700683370253,2022,black,0.02172964533157824,10.913089338045559
172,33,33,1149.6834773035107,885.9026682403837,3142.616589358186,0.1239886283874511,1385.442360233099,1993.2031841651824,32.0,2022-03-24 23:23:33.391,2459663.4746920257,-8.248639510551353,0.7110641200871637,-0.00022048981776004204,1992.7637031583472,,0.7110093156927455,2022,black,0.024318347030149016,11.073059412250984
173,38,38,1152.780558686506,890.2684210695721,3496.86184616002,0.11659836769104,1385.442360233099,2516.925820037081,32.0,2022-03-23 00:02:51.411,2459661.501983924,-8.432061173957052,0.4964077007783434,-0.0625371777359988,2359.5243826810974,,0.49637941228250604,2022,black,0.021640865697345187,10.889637748845285
174,33,33,1149.6132363694908,885.8537104331564,3118.074608758541,0.096690684556961,1385.4423602330987,1969.2435079718937,32.0,2022-03-24 23:26:09.512,2459663.4764989815,-8.257774608829962,0.714924649574348,0.02049391895424886,2009.6010248254502,,0.7148698208919697,2022,black,0.024465839740261106,11.063924313972375
175,35,35,1149.5741373027456,885.8348507521226,3104.158511201751,0.0845094919204711,1385.4423602330987,1974.36236051702,32.0,2022-03-24 23:28:54.009,2459663.478402882,-8.237095231216225,0.718992299563384,-0.0013547756452100559,1971.6875424761722,,0.7189374452899759,2022,black,0.024434103340646468,11.084603691586112
176,35,35,1149.54283195647,885.7822380944231,3115.326119388712,0.110881894826889,1385.442360233099,1988.8777545347784,32.0,2022-03-24 23:31:30.428,2459663.480213287,-8.249940484411736,0.7228601981060674,0.003155141814381598,1995.1529459018045,,0.7228053194983382,2022,black,0.02434477655053951,11.071758438390601
177,35,35,1149.687012437791,885.8494217214823,3107.200593106708,0.1051304936408996,1385.4423602330987,1976.3161364202235,32.0,2022-03-24 23:34:02.702,2459663.4819757175,-8.247595892322858,0.7266256004190019,0.00735359415347628,1990.8491632064242,,0.7265706981217921,2022,black,0.02442202264013193,11.07410303047948
178,35,35,1149.4975214924991,885.8228488547462,3108.846513840387,0.1060691475868225,1385.4423602330987,1996.0646513173715,32.0,2022-03-24 23:36:38.164,2459663.483775046,-8.234888794735763,0.7304698348123537,-0.014217931131435544,1967.684741571048,,0.7304149083297009,2022,black,0.02430090994264026,11.086810128066574
179,34,34,1149.5779412854492,885.8418493492036,3105.280908297212,0.1093031764030456,1385.4423602330987,1989.8912898572548,32.0,2022-03-24 23:39:14.792,2459663.4855878702,-8.240184757716913,0.7343429017421474,-0.00632456854602404,1977.3060859954164,,0.7342879508926554,2022,black,0.024338575851588894,11.081514165085425
180,32,32,1149.6164306047092,885.8849848175333,3092.7831107159354,0.0980729460716247,1385.4423602330987,1976.8699426856367,32.0,2022-03-24 23:41:53.592,2459663.4874258335,-8.24570399664712,0.7382696781130331,0.005318096889225433,1987.3831285782364,,0.7382147025587997,2022,black,0.02441860157124137,11.075994926155218
181,35,35,1149.6061145127885,885.8628667860306,3129.4342113985967,0.1265483200550079,1385.442360233099,2022.419032908318,32.0,2022-03-24 23:44:29.102,2459663.4892257177,-8.264950055421135,0.7421150993948977,0.0002507332508857422,2022.9261206070921,,0.7420600996477535,2022,black,0.024142056721201847,11.056748867381202
182,36,36,1149.6473125532627,885.7203330311305,3122.196669946116,0.1094404757022857,1385.442360233099,2017.7703781170385,32.0,2022-03-24 23:47:01.509,2459663.4909896874,-8.232804133374682,0.7458837897770128,-0.026692855572759987,1963.910324834967,,0.7458287663197023,2022,black,0.0241698506475688,11.088894789427655
183,35,35,1149.5876178655492,885.7796566842703,3114.3420099995965,0.1020070016384124,1385.442360233099,2012.4320593561492,32.0,2022-03-24 23:49:39.952,2459663.4928235183,-8.234772767235283,0.7498017376075321,-0.022339926218208593,1967.4744756309753,,0.7497466895010216,2022,black,0.024201886738864097,11.086926155567054
184,32,32,1149.5320814937716,885.8537525944241,3112.709827456285,0.1129944026470184,1385.442360233099,2015.263426096302,32.0,2022-03-24 23:52:19.808,2459663.494673704,-8.227949441444375,0.7537546265205677,-0.029829749084929618,1955.1486237558138,,0.7536995535450295,2022,black,0.024184879408276058,11.093749481357962
185,33,33,1149.6015868647626,885.7916809951807,3131.45883949895,0.1262677013874054,1385.442360233099,2048.76035114186,32.0,2022-03-24 23:54:58.040,2459663.4965050924,-8.259493154424216,0.7576673562201162,-0.017559854041143148,2012.784418410528,,0.7576122586282086,2022,black,0.023986355024127146,11.06220576837812
186,33,33,1149.649174162014,885.883750823243,3142.1823095992813,0.1305413246154785,1385.4423602330987,2060.33661250709,32.0,2022-03-24 23:57:30.469,2459663.498269317,-8.241189938224421,0.7614365917949435,-0.03941058834499648,1979.137534419449,,0.7613814704894377,2022,black,0.02391887492230763,11.080508984577916
187,39,39,1149.7369426800524,885.86843754394,3099.508724947573,0.1024242341518402,1385.4423602330987,2032.7453024184167,32.0,2022-03-25 00:03:42.405,2459663.502574132,-8.233190177690005,0.7706337530713707,-0.03351948002573819,1964.6087368565893,,0.7705785739032613,2022,black,0.02408065827743303,11.088508745112332
188,38,38,1149.7431288869248,885.8283801808675,3131.9951998317483,0.0982316732406616,1385.442360233099,2087.0884037021724,32.0,2022-03-25 00:06:13.933,2459663.504327928,-8.269749712140678,0.7743807083710657,-0.026448254420951813,2031.8885586020392,,0.7743255056295304,2022,black,0.02376508737145574,11.05194921066166
189,38,38,1149.745483817168,885.9076014164419,3117.213535697196,0.110057920217514,1385.442360233099,2077.142636659104,32.0,2022-03-25 00:08:48.608,2459663.506118148,-8.211798744235585,0.7782054819713,-0.07262971230915637,1926.2803645334707,,0.7781502551667572,2022,black,0.02382191538051872,11.109900178566752
190,38,38,1149.7817176091858,885.8457755475287,3128.124305702675,0.0984359979629516,1385.442360233099,2083.246246995408,32.0,2022-03-25 00:11:28.034,2459663.5079633566,-8.235998522988785,0.7821477376367074,-0.05450594800910811,1969.6969353665068,,0.7820924860300362,2022,black,0.02378699239782399,11.085700399813552
191,36,36,1149.7121837875782,885.8362062606312,3086.9201067097456,0.0964521169662475,1385.442360233099,2052.249696016951,32.0,2022-03-25 00:14:03.285,2459663.509760243,-8.226363104027367,0.7859867538990883,-0.04870537785582779,1952.2940991179378,,0.7859314781398048,2022,black,0.023965954906197285,11.09533581877497
192,30,30,1149.6832232063314,885.9560391153018,3091.2529391073417,0.1067518591880798,1385.442360233099,2058.7203283821764,32.0,2022-03-25 00:16:42.526,2459663.5116033102,-8.22470931331152,0.7899244351190813,-0.05313868702090186,1949.3226331887076,,0.7898691345864481,2022,black,0.023928262334579117,11.096989609490818
193,36,36,1149.7351558192072,885.95074526203,3098.020718948989,0.0901762545108795,1385.442360233099,2072.3088280564225,32.0,2022-03-25 00:19:12.792,2459663.5133425,-8.215398625318391,0.7936401841053105,-0.06737946661706228,1932.6777645561513,,0.7935848601955815,2022,black,0.023849682358804143,11.106300297483946
0,19,19,1165.8082610335482,901.1424654117956,5609.318513841139,0.1823067665100097,1385.442360233099,3350.6501040831504,30.0,2023-02-23 20:47:42.889,2459999.366468623,-8.967495372512358,0.0,0.15310557154937068,3863.6533033307596,,0.33341104265912236,2023,teal,0.018756219156783285,10.354203550289979
1,20,20,1165.841795755554,901.1680372196388,5608.715442910011,0.1643115282058715,1385.442360233099,3354.795644452184,30.0,2023-02-23 20:49:56.112,2459999.3680105554,-8.940440371387917,0.0032942913099758887,0.12333703706119768,3768.566199184728,,0.33670533396912106,2023,teal,0.018744626990336733,10.38125855141442
2,21,21,1165.8130904580692,901.129942504242,5396.795579691325,0.1259430050849914,1385.442360233099,3271.797803385201,60.0,2023-02-23 20:54:02.891,2459999.370866794,-8.912630546468751,0.009396557131924584,0.12270527221221396,3673.264643472906,21.0,0.34280759979105824,2023,teal,0.018980891628556866,10.409068376333586
3,20,20,1172.951712084131,937.1235487672508,6697.389607451485,0.1502559185028076,1385.442360233099,2370.4253284397973,60.0,2023-04-03 21:04:33.130,2460038.378161227,-8.393306111430327,0.34727579690306243,-0.039502662007268166,2276.7872178769726,,0.6806868395622132,2023,teal,0.02229958076437819,10.92839281137201
4,39,39,1162.9796877883211,922.7648579069964,3303.0328330346256,0.0940301418304443,1385.4423602330987,2282.2378077466874,60.0,2023-04-19 21:33:33.512,2460054.398304537,-8.321707014143309,0.5738169604108094,-0.06605369118196729,2131.4875763899777,,0.9072280030699176,2023,teal,0.0227263342594281,10.999991908659029
5,22,22,1165.7879454954905,901.1211507313084,5349.889875706242,0.1446241736412048,1385.442360233099,3280.7626856755755,60.0,2023-02-23 20:58:03.371,2459999.373650127,-8.893104802584494,0.015343061978220378,0.09968196918332493,3607.79557060689,22.0,0.3487541046373508,2023,teal,0.018954940671608484,10.428594120217843
6,21,21,1172.9353293376234,937.173601150876,6585.977484460505,0.1463603973388672,1385.442360233099,2408.6674610628625,60.0,2023-04-03 21:17:35.722,2460038.387219005,-8.379828631380462,0.3666274595754828,-0.06641340588863676,2248.699651320542,,0.7000385022346336,2023,teal,0.02212184856070199,10.941870291421875
7,39,39,1162.962930748561,922.8253037840502,3251.600131447071,0.0989411473274231,1385.4423602330987,2260.5707996824644,60.0,2023-04-19 21:44:46.933,2460054.4060987616,-8.314156004851462,0.5904690805511308,-0.06363690486008783,2116.715070773579,,0.9238801232102105,2023,teal,0.022834987653046444,11.007542917950875
8,20,20,1165.8310849871505,901.1238046515484,5297.0009798315095,0.1423576474189758,1385.442360233099,3259.931540489716,60.0,2023-02-23 21:02:04.085,2459999.376436169,-8.932715129122817,0.02129535398884113,0.14783000104858976,3741.8472235386416,20.0,0.3547063966479982,2023,teal,0.019015405797975272,10.38898379367952
9,20,20,1172.921393800178,937.108390492752,6367.614847245293,0.1377004384994506,1385.4423602330987,2449.631322763962,60.0,2023-04-03 21:30:43.832,2460038.396340648,-8.391947117990899,0.38611556879889974,-0.07172186594422943,2273.9391934198998,,0.7195266114580363,2023,teal,0.021936102892417632,10.929751804811438
10,39,39,1162.9675269310635,922.8429233918434,3214.769214148125,0.0928897261619567,1385.4423602330987,2248.086672489212,60.0,2023-04-19 21:57:37.823,2460054.4150210996,-8.28815636557459,0.6095313800329478,-0.08071643622495187,2066.6291279610723,,0.9429424226921128,2023,teal,0.02289830376487088,11.033542557227747
11,21,21,1165.7630138934462,901.1688582716832,5242.100572261654,0.1384053230285644,1385.4423602330987,3239.3752428370926,60.0,2023-02-23 21:06:06.058,2459999.3792367824,-8.865495957405829,0.027278778496147623,0.0857682158540704,3517.2106778970765,21.0,0.3606898211552334,2023,teal,0.019075643985029953,10.456202965396509
12,21,21,1172.9227016852124,937.1218575653144,6225.792351505412,0.1257810592651367,1385.4423602330987,2424.969976517031,60.0,2023-04-03 21:43:56.898,2460038.4055196526,-8.378676617912538,0.4057262282158689,-0.0736730887283312,2246.314948273552,,0.7391372708749486,2023,teal,0.02204736311232579,10.9430223048898
13,37,37,1162.9757970852072,922.8401532887488,3044.173304625434,0.0831180214881897,1385.442360233099,2078.7672660528788,60.0,2023-04-19 22:11:37.416,2460054.424738611,-8.302962303552409,0.6302925430387205,0.007810901859853826,2095.0043131574944,,0.9637035856978855,2023,teal,0.02381260473058897,11.018736619249928
14,21,21,1165.7802445479224,901.1056346485442,5178.447068998801,0.1358875036239624,1385.4423602330987,3194.27240630509,60.0,2023-02-23 21:10:07.356,2459999.382029583,-8.866677916593199,0.03324551105862961,0.10229850091951784,3521.041684998682,21.0,0.36665655371780304,2023,teal,0.019209845099763687,10.455021006209138
15,21,21,1172.927988466549,937.1141103898594,6113.64171175743,0.1459035873413086,1385.442360233099,2422.705954635438,60.0,2023-04-03 21:57:21.938,2460038.4148372454,-8.366996243836555,0.42563297714593773,-0.08272873067018442,2222.278566221351,,0.7590440198050601,2023,teal,0.022057662351549042,10.954702678965782
16,40,40,1162.93906947865,922.8445601648596,3214.4107221417557,0.0913363397121429,1385.442360233099,2249.3518035539005,60.0,2023-04-19 22:25:07.226,2460054.434111412,-8.301535359448827,0.650317242873939,-0.06984192981048197,2092.2527327710077,,0.9837282855330614,2023,teal,0.02289186336948209,11.02016356335351
17,23,23,1165.7593261993622,901.1420613830052,5122.631049386591,0.1278189420700073,1385.442360233099,3171.641668313382,60.0,2023-02-23 21:14:07.968,2459999.3848144445,-8.851859008114301,0.03919528107138827,0.09511439670510344,3473.310452159777,23.0,0.37260632373045155,2023,teal,0.019278257656942934,10.469839914688036
18,21,21,1172.878049194954,937.1418030342438,6037.42306955853,0.1249809265136718,1385.442360233099,2404.2016355737564,60.0,2023-04-03 22:12:31.441,2460038.4253639006,-8.352135276614543,0.44812285079909486,-0.08823435864339833,2192.068446209497,,0.7815338934582314,2023,teal,0.02214238479180878,10.969563646187794
19,41,41,1163.1006564950487,922.8901768854716,3228.483193555821,0.095361053943634,1385.4423602330987,2362.894444324744,60.0,2023-04-19 22:38:12.758,2460054.443203218,-8.331881309778229,0.6697416047462639,-0.0894407663893723,2151.555354327149,,0.003152647405386233,2023,teal,0.022335088478883783,10.989817613024108
20,25,25,1165.7804794621986,901.1001773350058,5078.094532539431,0.1226581931114196,1385.442360233099,3132.437677459333,60.0,2023-02-23 21:18:07.971,2459999.387592257,-8.833615908684822,0.04512999172255386,0.09034496990438133,3415.4376651567463,25.0,0.3785410343816693,2023,teal,0.01939852095410154,10.488083014117516
21,21,21,1172.877196418207,937.1317328421384,5914.436327549372,0.1136709451675415,1385.442360233099,2427.477968188582,60.0,2023-04-03 22:33:07.631,2460038.439671655,-8.344222799390392,0.478690926353039,-0.10353400006980397,2176.151464060698,,0.8121019690121329,2023,teal,0.02203597085803524,10.977476123411945
22,24,24,1165.8029153053942,901.1330079343944,4981.70106091737,0.1214133501052856,1385.4423602330987,3027.294403953384,60.0,2023-02-23 21:22:09.953,2459999.3903929745,-8.796300667668813,0.05111363808608254,0.09009816600130646,3300.0480776956024,24.0,0.38452468074524404,2023,teal,0.01973251805194216,10.525398255133524
23,21,21,1172.9155178300273,937.0881666886676,5815.830830863522,0.1202892065048217,1385.4423602330987,2420.835360885886,60.0,2023-04-03 22:45:38.636,2460038.4483638424,-8.350930678683312,0.49726151584142997,-0.09550323678635661,2189.637748194416,,0.8306725585005097,2023,teal,0.022066182748769984,10.970768244119025
24,24,24,1165.7907706336034,901.2180108055798,4952.258080868287,0.1340105533599853,1385.442360233099,3045.9202954956663,60.0,2023-02-23 21:26:13.959,2459999.393217118,-8.808992667392067,0.05714733342256906,0.09617156526020501,3338.851217971311,24.0,0.3905583760816853,2023,teal,0.019672093073141547,10.51270625541027
25,22,22,1172.919971963962,937.179394206516,5638.886526795353,0.1240195035934448,1385.4423602330987,2438.083527440309,60.0,2023-04-03 22:58:17.919,2460038.4571518404,-8.356802049584424,0.5160368020178225,-0.09703224983351265,2201.510797490749,,0.849447844676888,2023,teal,0.021987990857220602,10.964896873217914
26,24,24,1165.787774750843,901.1167675133352,4874.330929705215,0.1424681544303894,1385.442360233099,2997.106630495591,60.0,2023-02-23 21:30:17.693,2459999.3960381136,-8.797555345921854,0.06317430343142334,0.10235111039957828,3303.8638221127535,24.0,0.3965853460905464,2023,teal,0.019831645042588553,10.524143576880483
27,20,20,1172.865434957504,937.1512740906272,5511.075559957677,0.1150488853454589,1385.442360233099,2444.461954074454,60.0,2023-04-03 23:10:57.021,2460038.465937743,-8.346100275413658,0.5348076112749425,-0.10822184856471156,2179.9177626584096,,0.8682186539340364,2023,teal,0.021959285072917188,10.97559864738868
28,24,24,1165.8677831076584,901.206348189628,4669.029415943416,0.1203886270523071,1385.442360233099,2848.298182001679,60.0,2023-02-23 21:34:21.574,2459999.3988608103,-8.770943800928668,0.06920490770386349,0.13185832031412026,3223.869996034183,24.0,0.40261595036292874,2023,teal,0.02034309894806477,10.550755121873669
29,20,20,1172.8807200694764,937.1651500528986,5386.170781394636,0.1348094940185547,1385.442360233099,2439.562669182555,60.0,2023-04-03 23:25:35.320,2460038.4761032406,-8.340386732308659,0.5565258829155226,-0.11112086108187946,2168.4763647197815,,0.8899369255746024,2023,teal,0.021981324029830825,10.981312190493679
30,23,23,1165.632102668759,901.1280568214474,4697.820761500916,0.1169481873512268,1385.4423602330987,2930.6652489899043,60.0,2023-02-23 21:38:23.033,2459999.4016554747,-8.782063255581008,0.07517562173989344,0.11137107027040845,3257.056574374203,23.0,0.4085866643989675,2023,teal,0.020055187679128016,10.53963566722133
31,22,22,1172.910042287158,937.1330944454548,5361.664653420641,0.118326187133789,1385.442360233099,2425.646446487022,60.0,2023-04-03 23:38:13.815,2460038.484882118,-8.334704323015487,0.575281683549477,-0.11068784288847552,2157.1568737152775,,0.9086927262086419,2023,teal,0.02204428858778639,10.98699459978685
32,21,21,1165.7618858629012,901.1896639337028,4561.584253454483,0.11251962184906,1385.442360233099,2778.787738221406,60.0,2023-02-23 21:42:23.131,2459999.4044343866,-8.764954243670433,0.08111268128137555,0.15378881265596378,3206.1342051054276,21.0,0.4145237239405333,2023,teal,0.020595965274300868,10.556744679131905
33,23,23,1172.8595958894043,937.190884175704,5377.392470162478,0.1128890514373779,1385.442360233099,2480.058797439145,60.0,2023-04-03 23:51:13.882,2460038.493910671,-8.37689031113696,0.5945709081209714,-0.09573827808134476,2242.622238631831,,0.9279819507801221,2023,teal,0.021801122198736454,10.944808611665378
34,19,19,1165.5900908707642,901.1418147399652,4496.625533417735,0.1618541479110717,1385.4423602330987,2735.3881957475805,60.0,2023-02-23 21:46:22.842,2459999.4072088194,-8.740819220648953,0.08704017115917506,0.14632752299109075,3135.6507748503927,19.0,0.4204512138182963,2023,teal,0.020758709606894625,10.580879702153384
35,20,20,1172.9303036592323,937.129907151104,5400.456678419723,0.1225223541259765,1385.442360233099,2542.681553923108,60.0,2023-04-04 00:04:06.399,2460038.50285184,-8.390381891272662,0.6136734391891849,-0.10698082526099044,2270.6633829085163,,0.9470844818482647,2023,teal,0.021530982680802568,10.931317031529675
36,20,20,1165.6876815052217,901.1613575412192,4451.201207761926,0.1385042071342468,1385.442360233099,2733.073719601242,60.0,2023-02-23 21:50:24.697,2459999.4100080673,-8.729711121125641,0.09302067770998075,0.135620182520214,3103.733676294762,20.0,0.42643172036912347,2023,teal,0.020767497399637496,10.591987801676696
